input_signed12,output_median_signed12,late32_unique_count,late32_min,late32_max
-2048,-452,1,-452,-452
-2047,-451,1,-451,-451
-2046,-452,1,-452,-452
-2045,-451,1,-451,-451
-2044,-451,1,-451,-451
-2043,-451,1,-451,-451
-2042,-451,1,-451,-451
-2041,-450,1,-450,-450
-2040,-450,1,-450,-450
-2039,-450,1,-450,-450
-2038,-450,1,-450,-450
-2037,-450,1,-450,-450
-2036,-450,1,-450,-450
-2035,-449,1,-449,-449
-2034,-449,1,-449,-449
-2033,-449,1,-449,-449
-2032,-449,1,-449,-449
-2031,-449,1,-449,-449
-2030,-449,1,-449,-449
-2029,-448,1,-448,-448
-2028,-448,1,-448,-448
-2027,-448,1,-448,-448
-2026,-448,1,-448,-448
-2025,-446,1,-446,-446
-2024,-446,1,-446,-446
-2023,-446,1,-446,-446
-2022,-446,1,-446,-446
-2021,-446,1,-446,-446
-2020,-445,1,-445,-445
-2019,-445,1,-445,-445
-2018,-445,1,-445,-445
-2017,-445,1,-445,-445
-2016,-445,1,-445,-445
-2015,-445,1,-445,-445
-2014,-444,1,-444,-444
-2013,-444,1,-444,-444
-2012,-444,1,-444,-444
-2011,-444,1,-444,-444
-2010,-444,1,-444,-444
-2009,-443,1,-443,-443
-2008,-443,1,-443,-443
-2007,-443,1,-443,-443
-2006,-443,1,-443,-443
-2005,-443,1,-443,-443
-2004,-442,1,-442,-442
-2003,-442,1,-442,-442
-2002,-442,1,-442,-442
-2001,-442,1,-442,-442
-2000,-442,1,-442,-442
-1999,-441,1,-441,-441
-1998,-441,1,-441,-441
-1997,-441,1,-441,-441
-1996,-441,1,-441,-441
-1995,-440,1,-440,-440
-1994,-440,1,-440,-440
-1993,-440,1,-440,-440
-1992,-440,1,-440,-440
-1991,-440,1,-440,-440
-1990,-440,1,-440,-440
-1989,-438,1,-438,-438
-1988,-438,1,-438,-438
-1987,-438,1,-438,-438
-1986,-438,1,-438,-438
-1985,-438,1,-438,-438
-1984,-438,1,-438,-438
-1983,-437,1,-437,-437
-1982,-437,1,-437,-437
-1981,-437,1,-437,-437
-1980,-437,1,-437,-437
-1979,-437,1,-437,-437
-1978,-436,1,-436,-436
-1977,-436,1,-436,-436
-1976,-436,1,-436,-436
-1975,-436,1,-436,-436
-1974,-435,1,-435,-435
-1973,-435,1,-435,-435
-1972,-435,1,-435,-435
-1971,-435,1,-435,-435
-1970,-435,1,-435,-435
-1969,-435,1,-435,-435
-1968,-434,1,-434,-434
-1967,-434,1,-434,-434
-1966,-434,1,-434,-434
-1965,-434,1,-434,-434
-1964,-434,1,-434,-434
-1963,-433,1,-433,-433
-1962,-433,1,-433,-433
-1961,-433,1,-433,-433
-1960,-433,1,-433,-433
-1959,-433,1,-433,-433
-1958,-433,1,-433,-433
-1957,-432,1,-432,-432
-1956,-432,1,-432,-432
-1955,-432,1,-432,-432
-1954,-432,1,-432,-432
-1953,-432,1,-432,-432
-1952,-430,1,-430,-430
-1951,-430,1,-430,-430
-1950,-430,1,-430,-430
-1949,-430,1,-430,-430
-1948,-429,1,-429,-429
-1947,-429,1,-429,-429
-1946,-429,1,-429,-429
-1945,-429,1,-429,-429
-1944,-429,1,-429,-429
-1943,-429,1,-429,-429
-1942,-428,1,-428,-428
-1941,-428,1,-428,-428
-1940,-428,1,-428,-428
-1939,-428,1,-428,-428
-1938,-428,1,-428,-428
-1937,-428,1,-428,-428
-1936,-427,1,-427,-427
-1935,-427,1,-427,-427
-1934,-427,1,-427,-427
-1933,-427,1,-427,-427
-1932,-426,1,-426,-426
-1931,-426,1,-426,-426
-1930,-426,1,-426,-426
-1929,-426,1,-426,-426
-1928,-426,1,-426,-426
-1927,-425,1,-425,-425
-1926,-425,1,-425,-425
-1925,-425,1,-425,-425
-1924,-425,1,-425,-425
-1923,-425,1,-425,-425
-1922,-425,1,-425,-425
-1921,-424,1,-424,-424
-1920,-424,1,-424,-424
-1919,-424,1,-424,-424
-1918,-424,1,-424,-424
-1917,-422,1,-422,-422
-1916,-424,1,-424,-424
-1915,-422,1,-422,-422
-1914,-422,1,-422,-422
-1913,-422,1,-422,-422
-1912,-422,1,-422,-422
-1911,-421,1,-421,-421
-1910,-421,1,-421,-421
-1909,-421,1,-421,-421
-1908,-421,1,-421,-421
-1907,-421,1,-421,-421
-1906,-421,1,-421,-421
-1905,-420,1,-420,-420
-1904,-420,1,-420,-420
-1903,-420,1,-420,-420
-1902,-420,1,-420,-420
-1901,-419,1,-419,-419
-1900,-419,1,-419,-419
-1899,-419,1,-419,-419
-1898,-419,1,-419,-419
-1897,-419,1,-419,-419
-1896,-418,1,-418,-418
-1895,-418,1,-418,-418
-1894,-418,1,-418,-418
-1893,-418,1,-418,-418
-1892,-418,1,-418,-418
-1891,-418,1,-418,-418
-1890,-417,1,-417,-417
-1889,-417,1,-417,-417
-1888,-417,1,-417,-417
-1887,-417,1,-417,-417
-1886,-417,1,-417,-417
-1885,-417,1,-417,-417
-1884,-416,1,-416,-416
-1883,-416,1,-416,-416
-1882,-416,1,-416,-416
-1881,-416,1,-416,-416
-1880,-414,1,-414,-414
-1879,-414,1,-414,-414
-1878,-414,1,-414,-414
-1877,-414,1,-414,-414
-1876,-414,1,-414,-414
-1875,-413,1,-413,-413
-1874,-413,1,-413,-413
-1873,-413,1,-413,-413
-1872,-413,1,-413,-413
-1871,-412,1,-412,-412
-1870,-413,1,-413,-413
-1869,-412,1,-412,-412
-1868,-412,1,-412,-412
-1867,-412,1,-412,-412
-1866,-412,1,-412,-412
-1865,-411,1,-411,-411
-1864,-411,1,-411,-411
-1863,-411,1,-411,-411
-1862,-411,1,-411,-411
-1861,-411,1,-411,-411
-1860,-411,1,-411,-411
-1859,-410,1,-410,-410
-1858,-410,1,-410,-410
-1857,-410,1,-410,-410
-1856,-410,1,-410,-410
-1855,-410,1,-410,-410
-1854,-409,1,-409,-409
-1853,-409,1,-409,-409
-1852,-409,1,-409,-409
-1851,-409,1,-409,-409
-1850,-408,1,-408,-408
-1849,-408,1,-408,-408
-1848,-408,1,-408,-408
-1847,-408,1,-408,-408
-1846,-408,1,-408,-408
-1845,-408,1,-408,-408
-1844,-406,1,-406,-406
-1843,-406,1,-406,-406
-1842,-406,1,-406,-406
-1841,-406,1,-406,-406
-1840,-406,1,-406,-406
-1839,-406,1,-406,-406
-1838,-405,1,-405,-405
-1837,-405,1,-405,-405
-1836,-405,1,-405,-405
-1835,-405,1,-405,-405
-1834,-405,1,-405,-405
-1833,-404,1,-404,-404
-1832,-404,1,-404,-404
-1831,-404,1,-404,-404
-1830,-404,1,-404,-404
-1829,-404,1,-404,-404
-1828,-403,1,-403,-403
-1827,-403,1,-403,-403
-1826,-403,1,-403,-403
-1825,-403,1,-403,-403
-1824,-403,1,-403,-403
-1823,-402,1,-402,-402
-1822,-402,1,-402,-402
-1821,-402,1,-402,-402
-1820,-402,1,-402,-402
-1819,-402,1,-402,-402
-1818,-401,1,-401,-401
-1817,-401,1,-401,-401
-1816,-401,1,-401,-401
-1815,-401,1,-401,-401
-1814,-401,1,-401,-401
-1813,-400,1,-400,-400
-1812,-400,1,-400,-400
-1811,-400,1,-400,-400
-1810,-400,1,-400,-400
-1809,-400,1,-400,-400
-1808,-400,1,-400,-400
-1807,-398,1,-398,-398
-1806,-398,1,-398,-398
-1805,-398,1,-398,-398
-1804,-398,1,-398,-398
-1803,-398,1,-398,-398
-1802,-397,1,-397,-397
-1801,-397,1,-397,-397
-1800,-397,1,-397,-397
-1799,-397,1,-397,-397
-1798,-396,1,-396,-396
-1797,-396,1,-396,-396
-1796,-396,1,-396,-396
-1795,-396,1,-396,-396
-1794,-396,1,-396,-396
-1793,-396,1,-396,-396
-1792,-395,1,-395,-395
-1791,-395,1,-395,-395
-1790,-395,1,-395,-395
-1789,-395,1,-395,-395
-1788,-395,1,-395,-395
-1787,-394,1,-394,-394
-1786,-394,1,-394,-394
-1785,-394,1,-394,-394
-1784,-394,1,-394,-394
-1783,-394,1,-394,-394
-1782,-394,1,-394,-394
-1781,-393,1,-393,-393
-1780,-393,1,-393,-393
-1779,-393,1,-393,-393
-1778,-393,1,-393,-393
-1777,-392,1,-392,-392
-1776,-392,1,-392,-392
-1775,-392,1,-392,-392
-1774,-392,1,-392,-392
-1773,-392,1,-392,-392
-1772,-390,1,-390,-390
-1771,-390,1,-390,-390
-1770,-390,1,-390,-390
-1769,-390,1,-390,-390
-1768,-390,1,-390,-390
-1767,-390,1,-390,-390
-1766,-389,1,-389,-389
-1765,-389,1,-389,-389
-1764,-389,1,-389,-389
-1763,-389,1,-389,-389
-1762,-389,1,-389,-389
-1761,-389,1,-389,-389
-1760,-388,1,-388,-388
-1759,-388,1,-388,-388
-1758,-388,1,-388,-388
-1757,-388,1,-388,-388
-1756,-388,1,-388,-388
-1755,-387,1,-387,-387
-1754,-387,1,-387,-387
-1753,-387,1,-387,-387
-1752,-387,1,-387,-387
-1751,-386,1,-386,-386
-1750,-386,1,-386,-386
-1749,-386,1,-386,-386
-1748,-386,1,-386,-386
-1747,-386,1,-386,-386
-1746,-386,1,-386,-386
-1745,-385,1,-385,-385
-1744,-385,1,-385,-385
-1743,-385,1,-385,-385
-1742,-385,1,-385,-385
-1741,-384,1,-384,-384
-1740,-385,1,-385,-385
-1739,-384,1,-384,-384
-1738,-384,1,-384,-384
-1737,-384,1,-384,-384
-1736,-384,1,-384,-384
-1735,-382,1,-382,-382
-1734,-382,1,-382,-382
-1733,-382,1,-382,-382
-1732,-382,1,-382,-382
-1731,-382,1,-382,-382
-1730,-381,1,-381,-381
-1729,-381,1,-381,-381
-1728,-381,1,-381,-381
-1727,-381,1,-381,-381
-1726,-381,1,-381,-381
-1725,-381,1,-381,-381
-1724,-380,1,-380,-380
-1723,-380,1,-380,-380
-1722,-380,1,-380,-380
-1721,-380,1,-380,-380
-1720,-379,1,-379,-379
-1719,-379,1,-379,-379
-1718,-379,1,-379,-379
-1717,-379,1,-379,-379
-1716,-379,1,-379,-379
-1715,-379,1,-379,-379
-1714,-378,1,-378,-378
-1713,-378,1,-378,-378
-1712,-378,1,-378,-378
-1711,-378,1,-378,-378
-1710,-378,1,-378,-378
-1709,-378,1,-378,-378
-1708,-377,1,-377,-377
-1707,-377,1,-377,-377
-1706,-377,1,-377,-377
-1705,-377,1,-377,-377
-1704,-376,1,-376,-376
-1703,-376,1,-376,-376
-1702,-376,1,-376,-376
-1701,-376,1,-376,-376
-1700,-376,1,-376,-376
-1699,-374,1,-374,-374
-1698,-374,1,-374,-374
-1697,-374,1,-374,-374
-1696,-374,1,-374,-374
-1695,-374,1,-374,-374
-1694,-374,1,-374,-374
-1693,-373,1,-373,-373
-1692,-373,1,-373,-373
-1691,-373,1,-373,-373
-1690,-373,1,-373,-373
-1689,-372,1,-372,-372
-1688,-372,1,-372,-372
-1687,-372,1,-372,-372
-1686,-372,1,-372,-372
-1685,-372,1,-372,-372
-1684,-372,1,-372,-372
-1683,-371,1,-371,-371
-1682,-371,1,-371,-371
-1681,-371,1,-371,-371
-1680,-371,1,-371,-371
-1679,-371,1,-371,-371
-1678,-370,1,-370,-370
-1677,-370,1,-370,-370
-1676,-370,1,-370,-370
-1675,-370,1,-370,-370
-1674,-369,1,-369,-369
-1673,-369,1,-369,-369
-1672,-369,1,-369,-369
-1671,-369,1,-369,-369
-1670,-369,1,-369,-369
-1669,-369,1,-369,-369
-1668,-368,1,-368,-368
-1667,-368,1,-368,-368
-1666,-368,1,-368,-368
-1665,-368,1,-368,-368
-1664,-368,1,-368,-368
-1663,-368,1,-368,-368
-1662,-366,1,-366,-366
-1661,-366,1,-366,-366
-1660,-366,1,-366,-366
-1659,-366,1,-366,-366
-1658,-366,1,-366,-366
-1657,-365,1,-365,-365
-1656,-365,1,-365,-365
-1655,-365,1,-365,-365
-1654,-365,1,-365,-365
-1653,-364,1,-364,-364
-1652,-364,1,-364,-364
-1651,-364,1,-364,-364
-1650,-364,1,-364,-364
-1649,-364,1,-364,-364
-1648,-364,1,-364,-364
-1647,-363,1,-363,-363
-1646,-363,1,-363,-363
-1645,-363,1,-363,-363
-1644,-363,1,-363,-363
-1643,-363,1,-363,-363
-1642,-362,1,-362,-362
-1641,-362,1,-362,-362
-1640,-362,1,-362,-362
-1639,-362,1,-362,-362
-1638,-362,1,-362,-362
-1637,-362,1,-362,-362
-1636,-361,1,-361,-361
-1635,-361,1,-361,-361
-1634,-361,1,-361,-361
-1633,-361,1,-361,-361
-1632,-361,1,-361,-361
-1631,-360,1,-360,-360
-1630,-360,1,-360,-360
-1629,-360,1,-360,-360
-1628,-360,1,-360,-360
-1627,-358,1,-358,-358
-1626,-358,1,-358,-358
-1625,-358,1,-358,-358
-1624,-358,1,-358,-358
-1623,-358,1,-358,-358
-1622,-357,1,-357,-357
-1621,-357,1,-357,-357
-1620,-357,1,-357,-357
-1619,-357,1,-357,-357
-1618,-357,1,-357,-357
-1617,-357,1,-357,-357
-1616,-356,1,-356,-356
-1615,-356,1,-356,-356
-1614,-356,1,-356,-356
-1613,-356,1,-356,-356
-1612,-356,1,-356,-356
-1611,-356,1,-356,-356
-1610,-355,1,-355,-355
-1609,-355,1,-355,-355
-1608,-355,1,-355,-355
-1607,-355,1,-355,-355
-1606,-355,1,-355,-355
-1605,-354,1,-354,-354
-1604,-354,1,-354,-354
-1603,-354,1,-354,-354
-1602,-354,1,-354,-354
-1601,-353,1,-353,-353
-1600,-353,1,-353,-353
-1599,-353,1,-353,-353
-1598,-353,1,-353,-353
-1597,-353,1,-353,-353
-1596,-352,1,-352,-352
-1595,-352,1,-352,-352
-1594,-352,1,-352,-352
-1593,-352,1,-352,-352
-1592,-352,1,-352,-352
-1591,-352,1,-352,-352
-1590,-350,1,-350,-350
-1589,-350,1,-350,-350
-1588,-350,1,-350,-350
-1587,-350,1,-350,-350
-1586,-350,1,-350,-350
-1585,-350,1,-350,-350
-1584,-349,1,-349,-349
-1583,-349,1,-349,-349
-1582,-349,1,-349,-349
-1581,-349,1,-349,-349
-1580,-348,1,-348,-348
-1579,-348,1,-348,-348
-1578,-348,1,-348,-348
-1577,-348,1,-348,-348
-1576,-348,1,-348,-348
-1575,-347,1,-347,-347
-1574,-347,1,-347,-347
-1573,-347,1,-347,-347
-1572,-347,1,-347,-347
-1571,-347,1,-347,-347
-1570,-347,1,-347,-347
-1569,-346,1,-346,-346
-1568,-346,1,-346,-346
-1567,-346,1,-346,-346
-1566,-346,1,-346,-346
-1565,-346,1,-346,-346
-1564,-346,1,-346,-346
-1563,-345,1,-345,-345
-1562,-345,1,-345,-345
-1561,-345,1,-345,-345
-1560,-345,1,-345,-345
-1559,-344,1,-344,-344
-1558,-344,1,-344,-344
-1557,-344,1,-344,-344
-1556,-344,1,-344,-344
-1555,-344,1,-344,-344
-1554,-342,1,-342,-342
-1553,-342,1,-342,-342
-1552,-342,1,-342,-342
-1551,-342,1,-342,-342
-1550,-342,1,-342,-342
-1549,-342,1,-342,-342
-1548,-341,1,-341,-341
-1547,-341,1,-341,-341
-1546,-341,1,-341,-341
-1545,-341,1,-341,-341
-1544,-340,1,-340,-340
-1543,-340,1,-340,-340
-1542,-340,1,-340,-340
-1541,-340,1,-340,-340
-1540,-340,1,-340,-340
-1539,-340,1,-340,-340
-1538,-339,1,-339,-339
-1537,-339,1,-339,-339
-1536,-339,1,-339,-339
-1535,-339,1,-339,-339
-1534,-339,1,-339,-339
-1533,-338,1,-338,-338
-1532,-338,1,-338,-338
-1531,-338,1,-338,-338
-1530,-338,1,-338,-338
-1529,-338,1,-338,-338
-1528,-337,1,-337,-337
-1527,-337,1,-337,-337
-1526,-337,1,-337,-337
-1525,-337,1,-337,-337
-1524,-337,1,-337,-337
-1523,-336,1,-336,-336
-1522,-336,1,-336,-336
-1521,-336,1,-336,-336
-1520,-336,1,-336,-336
-1519,-336,1,-336,-336
-1518,-336,1,-336,-336
-1517,-334,1,-334,-334
-1516,-334,1,-334,-334
-1515,-334,1,-334,-334
-1514,-334,1,-334,-334
-1513,-333,1,-333,-333
-1512,-333,1,-333,-333
-1511,-333,1,-333,-333
-1510,-333,1,-333,-333
-1509,-333,1,-333,-333
-1508,-333,1,-333,-333
-1507,-332,1,-332,-332
-1506,-332,1,-332,-332
-1505,-332,1,-332,-332
-1504,-332,1,-332,-332
-1503,-332,1,-332,-332
-1502,-331,1,-331,-331
-1501,-331,1,-331,-331
-1500,-331,1,-331,-331
-1499,-331,1,-331,-331
-1498,-330,1,-330,-330
-1497,-330,1,-330,-330
-1496,-330,1,-330,-330
-1495,-330,1,-330,-330
-1494,-330,1,-330,-330
-1493,-330,1,-330,-330
-1492,-329,1,-329,-329
-1491,-329,1,-329,-329
-1490,-329,1,-329,-329
-1489,-329,1,-329,-329
-1488,-329,1,-329,-329
-1487,-329,1,-329,-329
-1486,-328,1,-328,-328
-1485,-328,1,-328,-328
-1484,-328,1,-328,-328
-1483,-328,1,-328,-328
-1482,-328,1,-328,-328
-1481,-326,1,-326,-326
-1480,-326,1,-326,-326
-1479,-326,1,-326,-326
-1478,-326,1,-326,-326
-1477,-325,1,-325,-325
-1476,-325,1,-325,-325
-1475,-325,1,-325,-325
-1474,-325,1,-325,-325
-1473,-325,1,-325,-325
-1472,-325,1,-325,-325
-1471,-324,1,-324,-324
-1470,-324,1,-324,-324
-1469,-324,1,-324,-324
-1468,-324,1,-324,-324
-1467,-324,1,-324,-324
-1466,-324,1,-324,-324
-1465,-323,1,-323,-323
-1464,-323,1,-323,-323
-1463,-323,1,-323,-323
-1462,-323,1,-323,-323
-1461,-323,1,-323,-323
-1460,-322,1,-322,-322
-1459,-322,1,-322,-322
-1458,-322,1,-322,-322
-1457,-322,1,-322,-322
-1456,-321,1,-321,-321
-1455,-321,1,-321,-321
-1454,-321,1,-321,-321
-1453,-321,1,-321,-321
-1452,-321,1,-321,-321
-1451,-320,1,-320,-320
-1450,-320,1,-320,-320
-1449,-320,1,-320,-320
-1448,-320,1,-320,-320
-1447,-320,1,-320,-320
-1446,-320,1,-320,-320
-1445,-318,1,-318,-318
-1444,-318,1,-318,-318
-1443,-318,1,-318,-318
-1442,-318,1,-318,-318
-1441,-318,1,-318,-318
-1440,-318,1,-318,-318
-1439,-317,1,-317,-317
-1438,-317,1,-317,-317
-1437,-317,1,-317,-317
-1436,-317,1,-317,-317
-1435,-317,1,-317,-317
-1434,-316,1,-316,-316
-1433,-316,1,-316,-316
-1432,-316,1,-316,-316
-1431,-316,1,-316,-316
-1430,-315,1,-315,-315
-1429,-315,1,-315,-315
-1428,-315,1,-315,-315
-1427,-315,1,-315,-315
-1426,-315,1,-315,-315
-1425,-314,1,-314,-314
-1424,-314,1,-314,-314
-1423,-314,1,-314,-314
-1422,-314,1,-314,-314
-1421,-314,1,-314,-314
-1420,-314,1,-314,-314
-1419,-313,1,-313,-313
-1418,-313,1,-313,-313
-1417,-313,1,-313,-313
-1416,-313,1,-313,-313
-1415,-313,1,-313,-313
-1414,-312,1,-312,-312
-1413,-312,1,-312,-312
-1412,-312,1,-312,-312
-1411,-312,1,-312,-312
-1410,-312,1,-312,-312
-1409,-312,1,-312,-312
-1408,-310,1,-310,-310
-1407,-310,1,-310,-310
-1406,-310,1,-310,-310
-1405,-310,1,-310,-310
-1404,-309,1,-309,-309
-1403,-309,1,-309,-309
-1402,-309,1,-309,-309
-1401,-309,1,-309,-309
-1400,-309,1,-309,-309
-1399,-308,1,-308,-308
-1398,-308,1,-308,-308
-1397,-308,1,-308,-308
-1396,-308,1,-308,-308
-1395,-308,1,-308,-308
-1394,-308,1,-308,-308
-1393,-307,1,-307,-307
-1392,-307,1,-307,-307
-1391,-307,1,-307,-307
-1390,-307,1,-307,-307
-1389,-307,1,-307,-307
-1388,-307,1,-307,-307
-1387,-306,1,-306,-306
-1386,-306,1,-306,-306
-1385,-306,1,-306,-306
-1384,-306,1,-306,-306
-1383,-305,1,-305,-305
-1382,-305,1,-305,-305
-1381,-305,1,-305,-305
-1380,-305,1,-305,-305
-1379,-305,1,-305,-305
-1378,-304,1,-304,-304
-1377,-304,1,-304,-304
-1376,-304,1,-304,-304
-1375,-304,1,-304,-304
-1374,-304,1,-304,-304
-1373,-304,1,-304,-304
-1372,-302,1,-302,-302
-1371,-302,1,-302,-302
-1370,-302,1,-302,-302
-1369,-302,1,-302,-302
-1368,-301,1,-301,-301
-1367,-301,1,-301,-301
-1366,-301,1,-301,-301
-1365,-301,1,-301,-301
-1364,-301,1,-301,-301
-1363,-301,1,-301,-301
-1362,-300,1,-300,-300
-1361,-300,1,-300,-300
-1360,-300,1,-300,-300
-1359,-300,1,-300,-300
-1358,-300,1,-300,-300
-1357,-299,1,-299,-299
-1356,-299,1,-299,-299
-1355,-299,1,-299,-299
-1354,-299,1,-299,-299
-1353,-298,1,-298,-298
-1352,-298,1,-298,-298
-1351,-298,1,-298,-298
-1350,-298,1,-298,-298
-1349,-298,1,-298,-298
-1348,-298,1,-298,-298
-1347,-297,1,-297,-297
-1346,-297,1,-297,-297
-1345,-297,1,-297,-297
-1344,-297,1,-297,-297
-1343,-297,1,-297,-297
-1342,-297,1,-297,-297
-1341,-296,1,-296,-296
-1340,-296,1,-296,-296
-1339,-296,1,-296,-296
-1338,-296,1,-296,-296
-1337,-294,1,-294,-294
-1336,-294,1,-294,-294
-1335,-294,1,-294,-294
-1334,-294,1,-294,-294
-1333,-294,1,-294,-294
-1332,-294,1,-294,-294
-1331,-293,1,-293,-293
-1330,-293,1,-293,-293
-1329,-293,1,-293,-293
-1328,-293,1,-293,-293
-1327,-293,1,-293,-293
-1326,-292,1,-292,-292
-1325,-292,1,-292,-292
-1324,-292,1,-292,-292
-1323,-292,1,-292,-292
-1322,-291,1,-291,-291
-1321,-291,1,-291,-291
-1320,-291,1,-291,-291
-1319,-291,1,-291,-291
-1318,-291,1,-291,-291
-1317,-291,1,-291,-291
-1316,-290,1,-290,-290
-1315,-290,1,-290,-290
-1314,-290,1,-290,-290
-1313,-290,1,-290,-290
-1312,-290,1,-290,-290
-1311,-290,1,-290,-290
-1310,-289,1,-289,-289
-1309,-289,1,-289,-289
-1308,-289,1,-289,-289
-1307,-289,1,-289,-289
-1306,-288,1,-288,-288
-1305,-288,1,-288,-288
-1304,-288,1,-288,-288
-1303,-288,1,-288,-288
-1302,-288,1,-288,-288
-1301,-286,1,-286,-286
-1300,-286,1,-286,-286
-1299,-286,1,-286,-286
-1298,-286,1,-286,-286
-1297,-286,1,-286,-286
-1296,-286,1,-286,-286
-1295,-285,1,-285,-285
-1294,-285,1,-285,-285
-1293,-285,1,-285,-285
-1292,-285,1,-285,-285
-1291,-285,1,-285,-285
-1290,-285,1,-285,-285
-1289,-284,1,-284,-284
-1288,-284,1,-284,-284
-1287,-284,1,-284,-284
-1286,-284,1,-284,-284
-1285,-284,1,-284,-284
-1284,-283,1,-283,-283
-1283,-283,1,-283,-283
-1282,-283,1,-283,-283
-1281,-283,1,-283,-283
-1280,-282,1,-282,-282
-1279,-282,1,-282,-282
-1278,-282,1,-282,-282
-1277,-282,1,-282,-282
-1276,-282,1,-282,-282
-1275,-282,1,-282,-282
-1274,-281,1,-281,-281
-1273,-281,1,-281,-281
-1272,-281,1,-281,-281
-1271,-281,1,-281,-281
-1270,-281,1,-281,-281
-1269,-280,1,-280,-280
-1268,-280,1,-280,-280
-1267,-280,1,-280,-280
-1266,-280,1,-280,-280
-1265,-280,1,-280,-280
-1264,-280,1,-280,-280
-1263,-278,1,-278,-278
-1262,-278,1,-278,-278
-1261,-278,1,-278,-278
-1260,-278,1,-278,-278
-1259,-277,1,-277,-277
-1258,-277,1,-277,-277
-1257,-277,1,-277,-277
-1256,-277,1,-277,-277
-1255,-277,1,-277,-277
-1254,-276,1,-276,-276
-1253,-276,1,-276,-276
-1252,-276,1,-276,-276
-1251,-276,1,-276,-276
-1250,-276,1,-276,-276
-1249,-276,1,-276,-276
-1248,-275,1,-275,-275
-1247,-275,1,-275,-275
-1246,-275,1,-275,-275
-1245,-275,1,-275,-275
-1244,-275,1,-275,-275
-1243,-275,1,-275,-275
-1242,-274,1,-274,-274
-1241,-274,1,-274,-274
-1240,-274,1,-274,-274
-1239,-274,1,-274,-274
-1238,-273,1,-273,-273
-1237,-273,1,-273,-273
-1236,-273,1,-273,-273
-1235,-273,1,-273,-273
-1234,-273,1,-273,-273
-1233,-272,1,-272,-272
-1232,-272,1,-272,-272
-1231,-272,1,-272,-272
-1230,-272,1,-272,-272
-1229,-272,1,-272,-272
-1228,-270,1,-270,-270
-1227,-270,1,-270,-270
-1226,-270,1,-270,-270
-1225,-270,1,-270,-270
-1224,-270,1,-270,-270
-1223,-269,1,-269,-269
-1222,-269,1,-269,-269
-1221,-269,1,-269,-269
-1220,-269,1,-269,-269
-1219,-269,1,-269,-269
-1218,-269,1,-269,-269
-1217,-268,1,-268,-268
-1216,-268,1,-268,-268
-1215,-268,1,-268,-268
-1214,-268,1,-268,-268
-1213,-268,1,-268,-268
-1212,-268,1,-268,-268
-1211,-267,1,-267,-267
-1210,-267,1,-267,-267
-1209,-267,1,-267,-267
-1208,-267,1,-267,-267
-1207,-266,1,-266,-266
-1206,-266,1,-266,-266
-1205,-266,1,-266,-266
-1204,-266,1,-266,-266
-1203,-266,1,-266,-266
-1202,-265,1,-265,-265
-1201,-265,1,-265,-265
-1200,-265,1,-265,-265
-1199,-265,1,-265,-265
-1198,-265,1,-265,-265
-1197,-265,1,-265,-265
-1196,-264,1,-264,-264
-1195,-264,1,-264,-264
-1194,-264,1,-264,-264
-1193,-264,1,-264,-264
-1192,-262,1,-262,-262
-1191,-264,1,-264,-264
-1190,-262,1,-262,-262
-1189,-262,1,-262,-262
-1188,-262,1,-262,-262
-1187,-262,1,-262,-262
-1186,-261,1,-261,-261
-1185,-261,1,-261,-261
-1184,-261,1,-261,-261
-1183,-261,1,-261,-261
-1182,-261,1,-261,-261
-1181,-260,1,-260,-260
-1180,-260,1,-260,-260
-1179,-260,1,-260,-260
-1178,-260,1,-260,-260
-1177,-259,1,-259,-259
-1176,-259,1,-259,-259
-1175,-259,1,-259,-259
-1174,-259,1,-259,-259
-1173,-259,1,-259,-259
-1172,-259,1,-259,-259
-1171,-258,1,-258,-258
-1170,-258,1,-258,-258
-1169,-258,1,-258,-258
-1168,-258,1,-258,-258
-1167,-258,1,-258,-258
-1166,-258,1,-258,-258
-1165,-257,1,-257,-257
-1164,-257,1,-257,-257
-1163,-257,1,-257,-257
-1162,-257,1,-257,-257
-1161,-257,1,-257,-257
-1160,-256,1,-256,-256
-1159,-256,1,-256,-256
-1158,-256,1,-256,-256
-1157,-256,1,-256,-256
-1156,-254,1,-254,-254
-1155,-254,1,-254,-254
-1154,-254,1,-254,-254
-1153,-254,1,-254,-254
-1152,-254,1,-254,-254
-1151,-254,1,-254,-254
-1150,-253,1,-253,-253
-1149,-253,1,-253,-253
-1148,-253,1,-253,-253
-1147,-253,1,-253,-253
-1146,-252,1,-252,-252
-1145,-253,1,-253,-253
-1144,-252,1,-252,-252
-1143,-252,1,-252,-252
-1142,-252,1,-252,-252
-1141,-252,1,-252,-252
-1140,-251,1,-251,-251
-1139,-251,1,-251,-251
-1138,-251,1,-251,-251
-1137,-251,1,-251,-251
-1136,-251,1,-251,-251
-1135,-251,1,-251,-251
-1134,-250,1,-250,-250
-1133,-250,1,-250,-250
-1132,-250,1,-250,-250
-1131,-250,1,-250,-250
-1130,-250,1,-250,-250
-1129,-249,1,-249,-249
-1128,-249,1,-249,-249
-1127,-249,1,-249,-249
-1126,-249,1,-249,-249
-1125,-248,1,-248,-248
-1124,-248,1,-248,-248
-1123,-248,1,-248,-248
-1122,-248,1,-248,-248
-1121,-248,1,-248,-248
-1120,-248,1,-248,-248
-1119,-246,1,-246,-246
-1118,-246,1,-246,-246
-1117,-246,1,-246,-246
-1116,-246,1,-246,-246
-1115,-246,1,-246,-246
-1114,-246,1,-246,-246
-1113,-245,1,-245,-245
-1112,-245,1,-245,-245
-1111,-245,1,-245,-245
-1110,-245,1,-245,-245
-1109,-244,1,-244,-244
-1108,-244,1,-244,-244
-1107,-244,1,-244,-244
-1106,-244,1,-244,-244
-1105,-244,1,-244,-244
-1104,-243,1,-243,-243
-1103,-243,1,-243,-243
-1102,-243,1,-243,-243
-1101,-243,1,-243,-243
-1100,-243,1,-243,-243
-1099,-243,1,-243,-243
-1098,-242,1,-242,-242
-1097,-242,1,-242,-242
-1096,-242,1,-242,-242
-1095,-242,1,-242,-242
-1094,-242,1,-242,-242
-1093,-241,1,-241,-241
-1092,-241,1,-241,-241
-1091,-241,1,-241,-241
-1090,-241,1,-241,-241
-1089,-241,1,-241,-241
-1088,-241,1,-241,-241
-1087,-240,1,-240,-240
-1086,-240,1,-240,-240
-1085,-240,1,-240,-240
-1084,-240,1,-240,-240
-1083,-238,1,-238,-238
-1082,-238,1,-238,-238
-1081,-238,1,-238,-238
-1080,-238,1,-238,-238
-1079,-238,1,-238,-238
-1078,-237,1,-237,-237
-1077,-237,1,-237,-237
-1076,-237,1,-237,-237
-1075,-237,1,-237,-237
-1074,-237,1,-237,-237
-1073,-237,1,-237,-237
-1072,-236,1,-236,-236
-1071,-236,1,-236,-236
-1070,-236,1,-236,-236
-1069,-236,1,-236,-236
-1068,-236,1,-236,-236
-1067,-236,1,-236,-236
-1066,-235,1,-235,-235
-1065,-235,1,-235,-235
-1064,-235,1,-235,-235
-1063,-235,1,-235,-235
-1062,-234,1,-234,-234
-1061,-234,1,-234,-234
-1060,-234,1,-234,-234
-1059,-234,1,-234,-234
-1058,-234,1,-234,-234
-1057,-233,1,-233,-233
-1056,-233,1,-233,-233
-1055,-233,1,-233,-233
-1054,-233,1,-233,-233
-1053,-233,1,-233,-233
-1052,-233,1,-233,-233
-1051,-232,1,-232,-232
-1050,-232,1,-232,-232
-1049,-232,1,-232,-232
-1048,-232,1,-232,-232
-1047,-230,1,-230,-230
-1046,-230,1,-230,-230
-1045,-230,1,-230,-230
-1044,-230,1,-230,-230
-1043,-230,1,-230,-230
-1042,-230,1,-230,-230
-1041,-229,1,-229,-229
-1040,-229,1,-229,-229
-1039,-229,1,-229,-229
-1038,-229,1,-229,-229
-1037,-229,1,-229,-229
-1036,-228,1,-228,-228
-1035,-228,1,-228,-228
-1034,-228,1,-228,-228
-1033,-228,1,-228,-228
-1032,-227,1,-227,-227
-1031,-227,1,-227,-227
-1030,-227,1,-227,-227
-1029,-227,1,-227,-227
-1028,-227,1,-227,-227
-1027,-227,1,-227,-227
-1026,-226,1,-226,-226
-1025,-226,1,-226,-226
-1024,-226,1,-226,-226
-1023,-226,1,-226,-226
-1022,-226,1,-226,-226
-1021,-226,1,-226,-226
-1020,-225,1,-225,-225
-1019,-225,1,-225,-225
-1018,-225,1,-225,-225
-1017,-225,1,-225,-225
-1016,-224,1,-224,-224
-1015,-225,1,-225,-225
-1014,-224,1,-224,-224
-1013,-224,1,-224,-224
-1012,-224,1,-224,-224
-1011,-224,1,-224,-224
-1010,-222,1,-222,-222
-1009,-222,1,-222,-222
-1008,-222,1,-222,-222
-1007,-222,1,-222,-222
-1006,-222,1,-222,-222
-1005,-221,1,-221,-221
-1004,-221,1,-221,-221
-1003,-221,1,-221,-221
-1002,-221,1,-221,-221
-1001,-220,1,-220,-220
-1000,-221,1,-221,-221
-999,-220,1,-220,-220
-998,-220,1,-220,-220
-997,-220,1,-220,-220
-996,-220,1,-220,-220
-995,-219,1,-219,-219
-994,-219,1,-219,-219
-993,-219,1,-219,-219
-992,-219,1,-219,-219
-991,-219,1,-219,-219
-990,-219,1,-219,-219
-989,-218,1,-218,-218
-988,-218,1,-218,-218
-987,-218,1,-218,-218
-986,-218,1,-218,-218
-985,-218,1,-218,-218
-984,-217,1,-217,-217
-983,-217,1,-217,-217
-982,-217,1,-217,-217
-981,-217,1,-217,-217
-980,-216,1,-216,-216
-979,-216,1,-216,-216
-978,-216,1,-216,-216
-977,-216,1,-216,-216
-976,-216,1,-216,-216
-975,-216,1,-216,-216
-974,-214,1,-214,-214
-973,-214,1,-214,-214
-972,-214,1,-214,-214
-971,-214,1,-214,-214
-970,-214,1,-214,-214
-969,-214,1,-214,-214
-968,-213,1,-213,-213
-967,-213,1,-213,-213
-966,-213,1,-213,-213
-965,-213,1,-213,-213
-964,-213,1,-213,-213
-963,-212,1,-212,-212
-962,-212,1,-212,-212
-961,-212,1,-212,-212
-960,-212,1,-212,-212
-959,-211,1,-211,-211
-958,-211,1,-211,-211
-957,-211,1,-211,-211
-956,-211,1,-211,-211
-955,-210,1,-210,-210
-954,-211,1,-211,-211
-953,-210,1,-210,-210
-952,-210,1,-210,-210
-951,-210,1,-210,-210
-950,-210,1,-210,-210
-949,-209,1,-209,-209
-948,-209,1,-209,-209
-947,-209,1,-209,-209
-946,-209,1,-209,-209
-945,-209,1,-209,-209
-944,-209,1,-209,-209
-943,-208,1,-208,-208
-942,-208,1,-208,-208
-941,-208,1,-208,-208
-940,-208,1,-208,-208
-939,-208,1,-208,-208
-938,-208,1,-208,-208
-937,-206,1,-206,-206
-936,-206,1,-206,-206
-935,-206,1,-206,-206
-934,-206,1,-206,-206
-933,-205,1,-205,-205
-932,-205,1,-205,-205
-931,-205,1,-205,-205
-930,-205,1,-205,-205
-929,-205,1,-205,-205
-928,-204,1,-204,-204
-927,-204,1,-204,-204
-926,-204,1,-204,-204
-925,-204,1,-204,-204
-924,-204,1,-204,-204
-923,-204,1,-204,-204
-922,-203,1,-203,-203
-921,-203,1,-203,-203
-920,-203,1,-203,-203
-919,-203,1,-203,-203
-918,-203,1,-203,-203
-917,-202,1,-202,-202
-916,-202,1,-202,-202
-915,-202,1,-202,-202
-914,-202,1,-202,-202
-913,-202,1,-202,-202
-912,-201,1,-201,-201
-911,-201,1,-201,-201
-910,-201,1,-201,-201
-909,-201,1,-201,-201
-908,-201,1,-201,-201
-907,-200,1,-200,-200
-906,-200,1,-200,-200
-905,-200,1,-200,-200
-904,-200,1,-200,-200
-903,-200,1,-200,-200
-902,-198,1,-198,-198
-901,-198,1,-198,-198
-900,-198,1,-198,-198
-899,-198,1,-198,-198
-898,-198,1,-198,-198
-897,-198,1,-198,-198
-896,-197,1,-197,-197
-895,-197,1,-197,-197
-894,-197,1,-197,-197
-893,-197,1,-197,-197
-892,-197,1,-197,-197
-891,-197,1,-197,-197
-890,-196,1,-196,-196
-889,-196,1,-196,-196
-888,-196,1,-196,-196
-887,-196,1,-196,-196
-886,-195,1,-195,-195
-885,-195,1,-195,-195
-884,-195,1,-195,-195
-883,-195,1,-195,-195
-882,-195,1,-195,-195
-881,-194,1,-194,-194
-880,-194,1,-194,-194
-879,-194,1,-194,-194
-878,-194,1,-194,-194
-877,-194,1,-194,-194
-876,-194,1,-194,-194
-875,-193,1,-193,-193
-874,-193,1,-193,-193
-873,-193,1,-193,-193
-872,-193,1,-193,-193
-871,-192,1,-192,-192
-870,-193,1,-193,-193
-869,-192,1,-192,-192
-868,-192,1,-192,-192
-867,-192,1,-192,-192
-866,-192,1,-192,-192
-865,-190,1,-190,-190
-864,-190,1,-190,-190
-863,-190,1,-190,-190
-862,-190,1,-190,-190
-861,-190,1,-190,-190
-860,-189,1,-189,-189
-859,-189,1,-189,-189
-858,-189,1,-189,-189
-857,-189,1,-189,-189
-856,-188,1,-188,-188
-855,-188,1,-188,-188
-854,-188,1,-188,-188
-853,-188,1,-188,-188
-852,-188,1,-188,-188
-851,-188,1,-188,-188
-850,-187,1,-187,-187
-849,-187,1,-187,-187
-848,-187,1,-187,-187
-847,-187,1,-187,-187
-846,-187,1,-187,-187
-845,-187,1,-187,-187
-844,-186,1,-186,-186
-843,-186,1,-186,-186
-842,-186,1,-186,-186
-841,-186,1,-186,-186
-840,-185,1,-185,-185
-839,-185,1,-185,-185
-838,-185,1,-185,-185
-837,-185,1,-185,-185
-836,-185,1,-185,-185
-835,-184,1,-184,-184
-834,-184,1,-184,-184
-833,-184,1,-184,-184
-832,-184,1,-184,-184
-831,-184,1,-184,-184
-830,-184,1,-184,-184
-829,-182,1,-182,-182
-828,-182,1,-182,-182
-827,-182,1,-182,-182
-826,-182,1,-182,-182
-825,-181,1,-181,-181
-824,-182,1,-182,-182
-823,-181,1,-181,-181
-822,-181,1,-181,-181
-821,-181,1,-181,-181
-820,-181,1,-181,-181
-819,-180,1,-180,-180
-818,-180,1,-180,-180
-817,-180,1,-180,-180
-816,-180,1,-180,-180
-815,-180,1,-180,-180
-814,-180,1,-180,-180
-813,-179,1,-179,-179
-812,-179,1,-179,-179
-811,-179,1,-179,-179
-810,-179,1,-179,-179
-809,-179,1,-179,-179
-808,-178,1,-178,-178
-807,-178,1,-178,-178
-806,-178,1,-178,-178
-805,-178,1,-178,-178
-804,-177,1,-177,-177
-803,-177,1,-177,-177
-802,-177,1,-177,-177
-801,-177,1,-177,-177
-800,-177,1,-177,-177
-799,-177,1,-177,-177
-798,-176,1,-176,-176
-797,-176,1,-176,-176
-796,-176,1,-176,-176
-795,-176,1,-176,-176
-794,-176,1,-176,-176
-793,-176,1,-176,-176
-792,-174,1,-174,-174
-791,-174,1,-174,-174
-790,-174,1,-174,-174
-789,-174,1,-174,-174
-788,-173,1,-173,-173
-787,-173,1,-173,-173
-786,-173,1,-173,-173
-785,-173,1,-173,-173
-784,-173,1,-173,-173
-783,-172,1,-172,-172
-782,-172,1,-172,-172
-781,-172,1,-172,-172
-780,-172,1,-172,-172
-779,-172,1,-172,-172
-778,-172,1,-172,-172
-777,-171,1,-171,-171
-776,-171,1,-171,-171
-775,-171,1,-171,-171
-774,-171,1,-171,-171
-773,-171,1,-171,-171
-772,-170,1,-170,-170
-771,-170,1,-170,-170
-770,-170,1,-170,-170
-769,-170,1,-170,-170
-768,-170,1,-170,-170
-767,-170,1,-170,-170
-766,-169,1,-169,-169
-765,-169,1,-169,-169
-764,-169,1,-169,-169
-763,-169,1,-169,-169
-762,-168,1,-168,-168
-761,-168,1,-168,-168
-760,-168,1,-168,-168
-759,-168,1,-168,-168
-758,-166,1,-166,-166
-757,-166,1,-166,-166
-756,-166,1,-166,-166
-755,-166,1,-166,-166
-754,-166,1,-166,-166
-753,-166,1,-166,-166
-752,-165,1,-165,-165
-751,-165,1,-165,-165
-750,-165,1,-165,-165
-749,-165,1,-165,-165
-748,-165,1,-165,-165
-747,-165,1,-165,-165
-746,-164,1,-164,-164
-745,-164,1,-164,-164
-744,-164,1,-164,-164
-743,-164,1,-164,-164
-742,-164,1,-164,-164
-741,-163,1,-163,-163
-740,-163,1,-163,-163
-739,-163,1,-163,-163
-738,-163,1,-163,-163
-737,-163,1,-163,-163
-736,-162,1,-162,-162
-735,-162,1,-162,-162
-734,-162,1,-162,-162
-733,-162,1,-162,-162
-732,-162,1,-162,-162
-731,-161,1,-161,-161
-730,-161,1,-161,-161
-729,-161,1,-161,-161
-728,-161,1,-161,-161
-727,-161,1,-161,-161
-726,-160,1,-160,-160
-725,-160,1,-160,-160
-724,-160,1,-160,-160
-723,-160,1,-160,-160
-722,-160,1,-160,-160
-721,-160,1,-160,-160
-720,-158,1,-158,-158
-719,-158,1,-158,-158
-718,-158,1,-158,-158
-717,-158,1,-158,-158
-716,-158,1,-158,-158
-715,-157,1,-157,-157
-714,-157,1,-157,-157
-713,-157,1,-157,-157
-712,-157,1,-157,-157
-711,-157,1,-157,-157
-710,-156,1,-156,-156
-709,-156,1,-156,-156
-708,-156,1,-156,-156
-707,-156,1,-156,-156
-706,-156,1,-156,-156
-705,-155,1,-155,-155
-704,-155,1,-155,-155
-703,-155,1,-155,-155
-702,-155,1,-155,-155
-701,-155,1,-155,-155
-700,-155,1,-155,-155
-699,-154,1,-154,-154
-698,-154,1,-154,-154
-697,-154,1,-154,-154
-696,-154,1,-154,-154
-695,-153,1,-153,-153
-694,-154,1,-154,-154
-693,-153,1,-153,-153
-692,-153,1,-153,-153
-691,-153,1,-153,-153
-690,-153,1,-153,-153
-689,-152,1,-152,-152
-688,-152,1,-152,-152
-687,-152,1,-152,-152
-686,-152,1,-152,-152
-685,-152,1,-152,-152
-684,-150,1,-150,-150
-683,-150,1,-150,-150
-682,-150,1,-150,-150
-681,-150,1,-150,-150
-680,-149,1,-149,-149
-679,-150,1,-150,-150
-678,-149,1,-149,-149
-677,-149,1,-149,-149
-676,-149,1,-149,-149
-675,-149,1,-149,-149
-674,-148,1,-148,-148
-673,-148,1,-148,-148
-672,-148,1,-148,-148
-671,-148,1,-148,-148
-670,-148,1,-148,-148
-669,-148,1,-148,-148
-668,-147,1,-147,-147
-667,-147,1,-147,-147
-666,-147,1,-147,-147
-665,-147,1,-147,-147
-664,-147,1,-147,-147
-663,-146,1,-146,-146
-662,-146,1,-146,-146
-661,-146,1,-146,-146
-660,-146,1,-146,-146
-659,-145,1,-145,-145
-658,-145,1,-145,-145
-657,-145,1,-145,-145
-656,-145,1,-145,-145
-655,-145,1,-145,-145
-654,-145,1,-145,-145
-653,-144,1,-144,-144
-652,-144,1,-144,-144
-651,-144,1,-144,-144
-650,-144,1,-144,-144
-649,-144,1,-144,-144
-648,-144,1,-144,-144
-647,-142,1,-142,-142
-646,-142,1,-142,-142
-645,-142,1,-142,-142
-644,-142,1,-142,-142
-643,-141,1,-141,-141
-642,-141,1,-141,-141
-641,-141,1,-141,-141
-640,-141,1,-141,-141
-639,-141,1,-141,-141
-638,-140,1,-140,-140
-637,-140,1,-140,-140
-636,-140,1,-140,-140
-635,-140,1,-140,-140
-634,-140,1,-140,-140
-633,-140,1,-140,-140
-632,-139,1,-139,-139
-631,-139,1,-139,-139
-630,-139,1,-139,-139
-629,-139,1,-139,-139
-628,-138,1,-138,-138
-627,-138,1,-138,-138
-626,-138,1,-138,-138
-625,-138,1,-138,-138
-624,-138,1,-138,-138
-623,-138,1,-138,-138
-622,-137,1,-137,-137
-621,-137,1,-137,-137
-620,-137,1,-137,-137
-619,-137,1,-137,-137
-618,-137,1,-137,-137
-617,-137,1,-137,-137
-616,-136,1,-136,-136
-615,-136,1,-136,-136
-614,-136,1,-136,-136
-613,-136,1,-136,-136
-612,-134,1,-134,-134
-611,-134,1,-134,-134
-610,-134,1,-134,-134
-609,-134,1,-134,-134
-608,-134,1,-134,-134
-607,-133,1,-133,-133
-606,-133,1,-133,-133
-605,-133,1,-133,-133
-604,-133,1,-133,-133
-603,-133,1,-133,-133
-602,-133,1,-133,-133
-601,-132,1,-132,-132
-600,-132,1,-132,-132
-599,-132,1,-132,-132
-598,-132,1,-132,-132
-597,-132,1,-132,-132
-596,-131,1,-131,-131
-595,-131,1,-131,-131
-594,-131,1,-131,-131
-593,-131,1,-131,-131
-592,-131,1,-131,-131
-591,-130,1,-130,-130
-590,-130,1,-130,-130
-589,-130,1,-130,-130
-588,-130,1,-130,-130
-587,-130,1,-130,-130
-586,-129,1,-129,-129
-585,-129,1,-129,-129
-584,-129,1,-129,-129
-583,-129,1,-129,-129
-582,-129,1,-129,-129
-581,-128,1,-128,-128
-580,-128,1,-128,-128
-579,-128,1,-128,-128
-578,-128,1,-128,-128
-577,-128,1,-128,-128
-576,-128,1,-128,-128
-575,-126,1,-126,-126
-574,-126,1,-126,-126
-573,-126,1,-126,-126
-572,-126,1,-126,-126
-571,-126,1,-126,-126
-570,-125,1,-125,-125
-569,-125,1,-125,-125
-568,-125,1,-125,-125
-567,-125,1,-125,-125
-566,-125,1,-125,-125
-565,-124,1,-124,-124
-564,-124,1,-124,-124
-563,-124,1,-124,-124
-562,-124,1,-124,-124
-561,-123,1,-123,-123
-560,-123,1,-123,-123
-559,-123,1,-123,-123
-558,-123,1,-123,-123
-557,-123,1,-123,-123
-556,-123,1,-123,-123
-555,-122,1,-122,-122
-554,-122,1,-122,-122
-553,-122,1,-122,-122
-552,-122,1,-122,-122
-551,-122,1,-122,-122
-550,-121,1,-121,-121
-549,-121,1,-121,-121
-548,-121,1,-121,-121
-547,-121,1,-121,-121
-546,-121,1,-121,-121
-545,-121,1,-121,-121
-544,-120,1,-120,-120
-543,-120,1,-120,-120
-542,-120,1,-120,-120
-541,-120,1,-120,-120
-540,-120,1,-120,-120
-539,-118,1,-118,-118
-538,-118,1,-118,-118
-537,-118,1,-118,-118
-536,-118,1,-118,-118
-535,-117,1,-117,-117
-534,-117,1,-117,-117
-533,-117,1,-117,-117
-532,-117,1,-117,-117
-531,-117,1,-117,-117
-530,-117,1,-117,-117
-529,-116,1,-116,-116
-528,-116,1,-116,-116
-527,-116,1,-116,-116
-526,-116,1,-116,-116
-525,-116,1,-116,-116
-524,-116,1,-116,-116
-523,-115,1,-115,-115
-522,-115,1,-115,-115
-521,-115,1,-115,-115
-520,-115,1,-115,-115
-519,-115,1,-115,-115
-518,-114,1,-114,-114
-517,-114,1,-114,-114
-516,-114,1,-114,-114
-515,-114,1,-114,-114
-514,-114,1,-114,-114
-513,-113,1,-113,-113
-512,-113,1,-113,-113
-511,-113,1,-113,-113
-510,-113,1,-113,-113
-509,-113,1,-113,-113
-508,-112,1,-112,-112
-507,-112,1,-112,-112
-506,-112,1,-112,-112
-505,-112,1,-112,-112
-504,-110,1,-110,-110
-503,-112,1,-112,-112
-502,-110,1,-110,-110
-501,-110,1,-110,-110
-500,-110,1,-110,-110
-499,-110,1,-110,-110
-498,-109,1,-109,-109
-497,-109,1,-109,-109
-496,-109,1,-109,-109
-495,-109,1,-109,-109
-494,-109,1,-109,-109
-493,-109,1,-109,-109
-492,-108,1,-108,-108
-491,-108,1,-108,-108
-490,-108,1,-108,-108
-489,-108,1,-108,-108
-488,-108,1,-108,-108
-487,-107,1,-107,-107
-486,-107,1,-107,-107
-485,-107,1,-107,-107
-484,-107,1,-107,-107
-483,-106,1,-106,-106
-482,-106,1,-106,-106
-481,-106,1,-106,-106
-480,-106,1,-106,-106
-479,-106,1,-106,-106
-478,-106,1,-106,-106
-477,-105,1,-105,-105
-476,-105,1,-105,-105
-475,-105,1,-105,-105
-474,-105,1,-105,-105
-473,-105,1,-105,-105
-472,-105,1,-105,-105
-471,-104,1,-104,-104
-470,-104,1,-104,-104
-469,-104,1,-104,-104
-468,-104,1,-104,-104
-467,-102,1,-102,-102
-466,-102,1,-102,-102
-465,-102,1,-102,-102
-464,-102,1,-102,-102
-463,-102,1,-102,-102
-462,-101,1,-101,-101
-461,-101,1,-101,-101
-460,-101,1,-101,-101
-459,-101,1,-101,-101
-458,-101,1,-101,-101
-457,-101,1,-101,-101
-456,-100,1,-100,-100
-455,-100,1,-100,-100
-454,-100,1,-100,-100
-453,-100,1,-100,-100
-452,-99,1,-99,-99
-451,-99,1,-99,-99
-450,-99,1,-99,-99
-449,-99,1,-99,-99
-448,-99,1,-99,-99
-447,-99,1,-99,-99
-446,-98,1,-98,-98
-445,-98,1,-98,-98
-444,-98,1,-98,-98
-443,-98,1,-98,-98
-442,-98,1,-98,-98
-441,-97,1,-97,-97
-440,-97,1,-97,-97
-439,-97,1,-97,-97
-438,-97,1,-97,-97
-437,-97,1,-97,-97
-436,-96,1,-96,-96
-435,-96,1,-96,-96
-434,-96,1,-96,-96
-433,-96,1,-96,-96
-432,-96,1,-96,-96
-431,-94,1,-94,-94
-430,-94,1,-94,-94
-429,-94,1,-94,-94
-428,-94,1,-94,-94
-427,-94,1,-94,-94
-426,-94,1,-94,-94
-425,-93,1,-93,-93
-424,-93,1,-93,-93
-423,-93,1,-93,-93
-422,-93,1,-93,-93
-421,-93,1,-93,-93
-420,-92,1,-92,-92
-419,-92,1,-92,-92
-418,-92,1,-92,-92
-417,-92,1,-92,-92
-416,-92,1,-92,-92
-415,-91,1,-91,-91
-414,-91,1,-91,-91
-413,-91,1,-91,-91
-412,-91,1,-91,-91
-411,-91,1,-91,-91
-410,-90,1,-90,-90
-409,-90,1,-90,-90
-408,-90,1,-90,-90
-407,-90,1,-90,-90
-406,-90,1,-90,-90
-405,-89,1,-89,-89
-404,-89,1,-89,-89
-403,-89,1,-89,-89
-402,-89,1,-89,-89
-401,-89,1,-89,-89
-400,-89,1,-89,-89
-399,-88,1,-88,-88
-398,-88,1,-88,-88
-397,-88,1,-88,-88
-396,-88,1,-88,-88
-395,-88,1,-88,-88
-394,-86,1,-86,-86
-393,-86,1,-86,-86
-392,-86,1,-86,-86
-391,-86,1,-86,-86
-390,-86,1,-86,-86
-389,-85,1,-85,-85
-388,-85,1,-85,-85
-387,-85,1,-85,-85
-386,-85,1,-85,-85
-385,-85,1,-85,-85
-384,-84,1,-84,-84
-383,-84,1,-84,-84
-382,-84,1,-84,-84
-381,-84,1,-84,-84
-380,-84,1,-84,-84
-379,-83,1,-83,-83
-378,-83,1,-83,-83
-377,-83,1,-83,-83
-376,-83,1,-83,-83
-375,-83,1,-83,-83
-374,-83,1,-83,-83
-373,-82,1,-82,-82
-372,-82,1,-82,-82
-371,-82,1,-82,-82
-370,-82,1,-82,-82
-369,-82,1,-82,-82
-368,-81,1,-81,-81
-367,-81,1,-81,-81
-366,-81,1,-81,-81
-365,-81,1,-81,-81
-364,-80,1,-80,-80
-363,-80,1,-80,-80
-362,-80,1,-80,-80
-361,-80,1,-80,-80
-360,-80,1,-80,-80
-359,-78,1,-78,-78
-358,-78,1,-78,-78
-357,-78,1,-78,-78
-356,-78,1,-78,-78
-355,-78,1,-78,-78
-354,-78,1,-78,-78
-353,-77,1,-77,-77
-352,-77,1,-77,-77
-351,-77,1,-77,-77
-350,-77,1,-77,-77
-349,-77,1,-77,-77
-348,-77,1,-77,-77
-347,-76,1,-76,-76
-346,-76,1,-76,-76
-345,-76,1,-76,-76
-344,-76,1,-76,-76
-343,-76,1,-76,-76
-342,-75,1,-75,-75
-341,-75,1,-75,-75
-340,-75,1,-75,-75
-339,-75,1,-75,-75
-338,-74,1,-74,-74
-337,-74,1,-74,-74
-336,-74,1,-74,-74
-335,-74,1,-74,-74
-334,-74,1,-74,-74
-333,-74,1,-74,-74
-332,-73,1,-73,-73
-331,-73,1,-73,-73
-330,-73,1,-73,-73
-329,-73,1,-73,-73
-328,-73,1,-73,-73
-327,-73,1,-73,-73
-326,-72,1,-72,-72
-325,-72,1,-72,-72
-324,-72,1,-72,-72
-323,-72,1,-72,-72
-322,-70,1,-70,-70
-321,-70,1,-70,-70
-320,-70,1,-70,-70
-319,-70,1,-70,-70
-318,-70,1,-70,-70
-317,-70,1,-70,-70
-316,-69,1,-69,-69
-315,-69,1,-69,-69
-314,-69,1,-69,-69
-313,-69,1,-69,-69
-312,-69,1,-69,-69
-311,-68,1,-68,-68
-310,-68,1,-68,-68
-309,-68,1,-68,-68
-308,-68,1,-68,-68
-307,-67,1,-67,-67
-306,-67,1,-67,-67
-305,-67,1,-67,-67
-304,-67,1,-67,-67
-303,-67,1,-67,-67
-302,-67,1,-67,-67
-301,-66,1,-66,-66
-300,-66,1,-66,-66
-299,-66,1,-66,-66
-298,-66,1,-66,-66
-297,-66,1,-66,-66
-296,-66,1,-66,-66
-295,-65,1,-65,-65
-294,-65,1,-65,-65
-293,-65,1,-65,-65
-292,-65,1,-65,-65
-291,-64,1,-64,-64
-290,-64,1,-64,-64
-289,-64,1,-64,-64
-288,-64,1,-64,-64
-287,-64,1,-64,-64
-286,-62,1,-62,-62
-285,-62,1,-62,-62
-284,-62,1,-62,-62
-283,-62,1,-62,-62
-282,-62,1,-62,-62
-281,-62,1,-62,-62
-280,-61,1,-61,-61
-279,-61,1,-61,-61
-278,-61,1,-61,-61
-277,-61,1,-61,-61
-276,-60,1,-60,-60
-275,-60,1,-60,-60
-274,-60,1,-60,-60
-273,-60,1,-60,-60
-272,-60,1,-60,-60
-271,-60,1,-60,-60
-270,-59,1,-59,-59
-269,-59,1,-59,-59
-268,-59,1,-59,-59
-267,-59,1,-59,-59
-266,-59,1,-59,-59
-265,-58,1,-58,-58
-264,-58,1,-58,-58
-263,-58,1,-58,-58
-262,-58,1,-58,-58
-261,-57,1,-57,-57
-260,-57,1,-57,-57
-259,-57,1,-57,-57
-258,-57,1,-57,-57
-257,-57,1,-57,-57
-256,-57,1,-57,-57
-255,-56,1,-56,-56
-254,-56,1,-56,-56
-253,-56,1,-56,-56
-252,-56,1,-56,-56
-251,-56,1,-56,-56
-250,-56,1,-56,-56
-249,-54,1,-54,-54
-248,-54,1,-54,-54
-247,-54,1,-54,-54
-246,-54,1,-54,-54
-245,-54,1,-54,-54
-244,-53,1,-53,-53
-243,-53,1,-53,-53
-242,-53,1,-53,-53
-241,-53,1,-53,-53
-240,-53,1,-53,-53
-239,-52,1,-52,-52
-238,-52,1,-52,-52
-237,-52,1,-52,-52
-236,-52,1,-52,-52
-235,-52,1,-52,-52
-234,-51,1,-51,-51
-233,-51,1,-51,-51
-232,-51,1,-51,-51
-231,-51,1,-51,-51
-230,-51,1,-51,-51
-229,-51,1,-51,-51
-228,-50,1,-50,-50
-227,-50,1,-50,-50
-226,-50,1,-50,-50
-225,-50,1,-50,-50
-224,-50,1,-50,-50
-223,-49,1,-49,-49
-222,-49,1,-49,-49
-221,-49,1,-49,-49
-220,-49,1,-49,-49
-219,-49,1,-49,-49
-218,-48,1,-48,-48
-217,-48,1,-48,-48
-216,-48,1,-48,-48
-215,-48,1,-48,-48
-214,-46,1,-46,-46
-213,-46,1,-46,-46
-212,-46,1,-46,-46
-211,-46,1,-46,-46
-210,-46,1,-46,-46
-209,-46,1,-46,-46
-208,-45,1,-45,-45
-207,-45,1,-45,-45
-206,-45,1,-45,-45
-205,-45,1,-45,-45
-204,-45,1,-45,-45
-203,-45,1,-45,-45
-202,-44,1,-44,-44
-201,-44,1,-44,-44
-200,-44,1,-44,-44
-199,-44,1,-44,-44
-198,-44,1,-44,-44
-197,-43,1,-43,-43
-196,-43,1,-43,-43
-195,-43,1,-43,-43
-194,-43,1,-43,-43
-193,-43,1,-43,-43
-192,-42,1,-42,-42
-191,-42,1,-42,-42
-190,-42,1,-42,-42
-189,-42,1,-42,-42
-188,-41,1,-41,-41
-187,-41,1,-41,-41
-186,-41,1,-41,-41
-185,-41,1,-41,-41
-184,-41,1,-41,-41
-183,-41,1,-41,-41
-182,-40,1,-40,-40
-181,-40,1,-40,-40
-180,-40,1,-40,-40
-179,-40,1,-40,-40
-178,-40,1,-40,-40
-177,-38,1,-38,-38
-176,-38,1,-38,-38
-175,-38,1,-38,-38
-174,-38,1,-38,-38
-173,-38,1,-38,-38
-172,-38,1,-38,-38
-171,-37,1,-37,-37
-170,-37,1,-37,-37
-169,-37,1,-37,-37
-168,-37,1,-37,-37
-167,-36,1,-36,-36
-166,-36,1,-36,-36
-165,-36,1,-36,-36
-164,-36,1,-36,-36
-163,-36,1,-36,-36
-162,-35,1,-35,-35
-161,-35,1,-35,-35
-160,-35,1,-35,-35
-159,-35,1,-35,-35
-158,-35,1,-35,-35
-157,-35,1,-35,-35
-156,-34,1,-34,-34
-155,-34,1,-34,-34
-154,-34,1,-34,-34
-153,-34,1,-34,-34
-152,-34,1,-34,-34
-151,-34,1,-34,-34
-150,-33,1,-33,-33
-149,-33,1,-33,-33
-148,-33,1,-33,-33
-147,-33,1,-33,-33
-146,-32,1,-32,-32
-145,-32,1,-32,-32
-144,-32,1,-32,-32
-143,-32,1,-32,-32
-142,-32,1,-32,-32
-141,-30,1,-30,-30
-140,-30,1,-30,-30
-139,-30,1,-30,-30
-138,-30,1,-30,-30
-137,-30,1,-30,-30
-136,-30,1,-30,-30
-135,-29,1,-29,-29
-134,-29,1,-29,-29
-133,-29,1,-29,-29
-132,-29,1,-29,-29
-131,-28,1,-28,-28
-130,-28,1,-28,-28
-129,-28,1,-28,-28
-128,-28,1,-28,-28
-127,-28,1,-28,-28
-126,-28,1,-28,-28
-125,-27,1,-27,-27
-124,-27,1,-27,-27
-123,-27,1,-27,-27
-122,-27,1,-27,-27
-121,-27,1,-27,-27
-120,-27,1,-27,-27
-119,-26,1,-26,-26
-118,-26,1,-26,-26
-117,-26,1,-26,-26
-116,-26,1,-26,-26
-115,-25,1,-25,-25
-114,-25,1,-25,-25
-113,-25,1,-25,-25
-112,-25,1,-25,-25
-111,-25,1,-25,-25
-110,-24,1,-24,-24
-109,-24,1,-24,-24
-108,-24,1,-24,-24
-107,-24,1,-24,-24
-106,-24,1,-24,-24
-105,-24,1,-24,-24
-104,-22,1,-22,-22
-103,-22,1,-22,-22
-102,-22,1,-22,-22
-101,-22,1,-22,-22
-100,-22,1,-22,-22
-99,-22,1,-22,-22
-98,-21,1,-21,-21
-97,-21,1,-21,-21
-96,-21,1,-21,-21
-95,-21,1,-21,-21
-94,-20,1,-20,-20
-93,-20,1,-20,-20
-92,-20,1,-20,-20
-91,-20,1,-20,-20
-90,-20,1,-20,-20
-89,-19,1,-19,-19
-88,-19,1,-19,-19
-87,-19,1,-19,-19
-86,-19,1,-19,-19
-85,-18,1,-18,-18
-84,-18,1,-18,-18
-83,-18,1,-18,-18
-82,-18,1,-18,-18
-81,-18,1,-18,-18
-80,-18,1,-18,-18
-79,-17,1,-17,-17
-78,-17,1,-17,-17
-77,-17,1,-17,-17
-76,-17,1,-17,-17
-75,-17,1,-17,-17
-74,-17,1,-17,-17
-73,-16,1,-16,-16
-72,-16,1,-16,-16
-71,-16,1,-16,-16
-70,-16,1,-16,-16
-69,-16,1,-16,-16
-68,-14,1,-14,-14
-67,-14,1,-14,-14
-66,-14,1,-14,-14
-65,-14,1,-14,-14
-64,-13,1,-13,-13
-63,-13,1,-13,-13
-62,-13,1,-13,-13
-61,-13,1,-13,-13
-60,-13,1,-13,-13
-59,-13,1,-13,-13
-58,-12,1,-12,-12
-57,-12,1,-12,-12
-56,-12,1,-12,-12
-55,-12,1,-12,-12
-54,-12,1,-12,-12
-53,-12,1,-12,-12
-52,-11,1,-11,-11
-51,-11,1,-11,-11
-50,-11,1,-11,-11
-49,-11,1,-11,-11
-48,-11,1,-11,-11
-47,-10,1,-10,-10
-46,-10,1,-10,-10
-45,-10,1,-10,-10
-44,-10,1,-10,-10
-43,-10,1,-10,-10
-42,-9,1,-9,-9
-41,-9,1,-9,-9
-40,-9,1,-9,-9
-39,-9,1,-9,-9
-38,-9,1,-9,-9
-37,-8,1,-8,-8
-36,-8,1,-8,-8
-35,-8,1,-8,-8
-34,-8,1,-8,-8
-33,-8,1,-8,-8
-32,-6,1,-6,-6
-31,-6,1,-6,-6
-30,-6,1,-6,-6
-29,-6,1,-6,-6
-28,-6,1,-6,-6
-27,-6,1,-6,-6
-26,-5,1,-5,-5
-25,-5,1,-5,-5
-24,-5,1,-5,-5
-23,-5,1,-5,-5
-22,-5,1,-5,-5
-21,-4,1,-4,-4
-20,-4,1,-4,-4
-19,-4,1,-4,-4
-18,-4,1,-4,-4
-17,-3,1,-3,-3
-16,-3,1,-3,-3
-15,-3,1,-3,-3
-14,-3,1,-3,-3
-13,-3,1,-3,-3
-12,-3,1,-3,-3
-11,-2,1,-2,-2
-10,-2,1,-2,-2
-9,-2,1,-2,-2
-8,-2,1,-2,-2
-7,-2,1,-2,-2
-6,-2,1,-2,-2
-5,-1,1,-1,-1
-4,-1,1,-1,-1
-3,-1,1,-1,-1
-2,-1,1,-1,-1
-1,0,1,0,0
0,0,1,0,0
1,0,1,0,0
2,0,1,0,0
3,0,1,0,0
4,0,1,0,0
5,1,1,1,1
6,1,1,1,1
7,1,1,1,1
8,1,1,1,1
9,2,1,2,2
10,2,1,2,2
11,2,1,2,2
12,2,1,2,2
13,2,1,2,2
14,3,1,3,3
15,3,1,3,3
16,3,1,3,3
17,3,1,3,3
18,3,1,3,3
19,3,1,3,3
20,4,1,4,4
21,4,1,4,4
22,4,1,4,4
23,4,1,4,4
24,4,1,4,4
25,4,1,4,4
26,5,1,5,5
27,5,1,5,5
28,5,1,5,5
29,5,1,5,5
30,6,1,6,6
31,6,1,6,6
32,6,1,6,6
33,6,1,6,6
34,6,1,6,6
35,8,1,8,8
36,8,1,8,8
37,8,1,8,8
38,8,1,8,8
39,8,1,8,8
40,8,1,8,8
41,9,1,9,9
42,9,1,9,9
43,9,1,9,9
44,9,1,9,9
45,10,1,10,10
46,9,1,9,9
47,10,1,10,10
48,10,1,10,10
49,10,1,10,10
50,10,1,10,10
51,11,1,11,11
52,11,1,11,11
53,11,1,11,11
54,11,1,11,11
55,11,1,11,11
56,12,1,12,12
57,12,1,12,12
58,12,1,12,12
59,12,1,12,12
60,13,1,13,13
61,13,1,13,13
62,13,1,13,13
63,13,1,13,13
64,13,1,13,13
65,13,1,13,13
66,14,1,14,14
67,14,1,14,14
68,14,1,14,14
69,14,1,14,14
70,14,1,14,14
71,14,1,14,14
72,16,1,16,16
73,16,1,16,16
74,16,1,16,16
75,16,1,16,16
76,16,1,16,16
77,16,1,16,16
78,17,1,17,17
79,17,1,17,17
80,17,1,17,17
81,17,1,17,17
82,18,1,18,18
83,18,1,18,18
84,18,1,18,18
85,18,1,18,18
86,18,1,18,18
87,19,1,19,19
88,19,1,19,19
89,19,1,19,19
90,19,1,19,19
91,19,1,19,19
92,19,1,19,19
93,20,1,20,20
94,20,1,20,20
95,20,1,20,20
96,20,1,20,20
97,21,1,21,21
98,21,1,21,21
99,21,1,21,21
100,21,1,21,21
101,21,1,21,21
102,21,1,21,21
103,22,1,22,22
104,22,1,22,22
105,22,1,22,22
106,22,1,22,22
107,22,1,22,22
108,24,1,24,24
109,24,1,24,24
110,24,1,24,24
111,24,1,24,24
112,25,1,25,25
113,25,1,25,25
114,25,1,25,25
115,25,1,25,25
116,25,1,25,25
117,25,1,25,25
118,26,1,26,26
119,26,1,26,26
120,26,1,26,26
121,26,1,26,26
122,26,1,26,26
123,26,1,26,26
124,27,1,27,27
125,27,1,27,27
126,27,1,27,27
127,27,1,27,27
128,27,1,27,27
129,28,1,28,28
130,28,1,28,28
131,28,1,28,28
132,28,1,28,28
133,29,1,29,29
134,29,1,29,29
135,29,1,29,29
136,29,1,29,29
137,29,1,29,29
138,29,1,29,29
139,30,1,30,30
140,30,1,30,30
141,30,1,30,30
142,30,1,30,30
143,30,1,30,30
144,32,1,32,32
145,32,1,32,32
146,32,1,32,32
147,32,1,32,32
148,32,1,32,32
149,32,1,32,32
150,33,1,33,33
151,33,1,33,33
152,33,1,33,33
153,33,1,33,33
154,33,1,33,33
155,34,1,34,34
156,34,1,34,34
157,34,1,34,34
158,34,1,34,34
159,35,1,35,35
160,35,1,35,35
161,35,1,35,35
162,35,1,35,35
163,35,1,35,35
164,35,1,35,35
165,36,1,36,36
166,36,1,36,36
167,36,1,36,36
168,36,1,36,36
169,36,1,36,36
170,36,1,36,36
171,37,1,37,37
172,37,1,37,37
173,37,1,37,37
174,37,1,37,37
175,38,1,38,38
176,38,1,38,38
177,38,1,38,38
178,38,1,38,38
179,38,1,38,38
180,40,1,40,40
181,40,1,40,40
182,40,1,40,40
183,40,1,40,40
184,40,1,40,40
185,40,1,40,40
186,41,1,41,41
187,41,1,41,41
188,41,1,41,41
189,41,1,41,41
190,42,1,42,42
191,41,1,41,41
192,42,1,42,42
193,42,1,42,42
194,42,1,42,42
195,42,1,42,42
196,43,1,43,43
197,43,1,43,43
198,43,1,43,43
199,43,1,43,43
200,43,1,43,43
201,43,1,43,43
202,44,1,44,44
203,44,1,44,44
204,44,1,44,44
205,44,1,44,44
206,45,1,45,45
207,45,1,45,45
208,45,1,45,45
209,45,1,45,45
210,45,1,45,45
211,46,1,46,46
212,46,1,46,46
213,46,1,46,46
214,46,1,46,46
215,46,1,46,46
216,46,1,46,46
217,48,1,48,48
218,48,1,48,48
219,48,1,48,48
220,48,1,48,48
221,49,1,49,49
222,48,1,48,48
223,49,1,49,49
224,49,1,49,49
225,49,1,49,49
226,49,1,49,49
227,50,1,50,50
228,50,1,50,50
229,50,1,50,50
230,50,1,50,50
231,50,1,50,50
232,51,1,51,51
233,51,1,51,51
234,51,1,51,51
235,51,1,51,51
236,52,1,52,52
237,51,1,51,51
238,52,1,52,52
239,52,1,52,52
240,52,1,52,52
241,52,1,52,52
242,53,1,53,53
243,53,1,53,53
244,53,1,53,53
245,53,1,53,53
246,53,1,53,53
247,53,1,53,53
248,54,1,54,54
249,54,1,54,54
250,54,1,54,54
251,54,1,54,54
252,54,1,54,54
253,56,1,56,56
254,56,1,56,56
255,56,1,56,56
256,56,1,56,56
257,57,1,57,57
258,57,1,57,57
259,57,1,57,57
260,57,1,57,57
261,57,1,57,57
262,57,1,57,57
263,58,1,58,58
264,58,1,58,58
265,58,1,58,58
266,58,1,58,58
267,58,1,58,58
268,58,1,58,58
269,59,1,59,59
270,59,1,59,59
271,59,1,59,59
272,59,1,59,59
273,59,1,59,59
274,60,1,60,60
275,60,1,60,60
276,60,1,60,60
277,60,1,60,60
278,60,1,60,60
279,61,1,61,61
280,61,1,61,61
281,61,1,61,61
282,61,1,61,61
283,61,1,61,61
284,62,1,62,62
285,62,1,62,62
286,62,1,62,62
287,62,1,62,62
288,64,1,64,64
289,64,1,64,64
290,64,1,64,64
291,64,1,64,64
292,64,1,64,64
293,64,1,64,64
294,65,1,65,65
295,65,1,65,65
296,65,1,65,65
297,65,1,65,65
298,65,1,65,65
299,65,1,65,65
300,66,1,66,66
301,66,1,66,66
302,66,1,66,66
303,66,1,66,66
304,66,1,66,66
305,67,1,67,67
306,67,1,67,67
307,67,1,67,67
308,67,1,67,67
309,68,1,68,68
310,68,1,68,68
311,68,1,68,68
312,68,1,68,68
313,68,1,68,68
314,68,1,68,68
315,69,1,69,69
316,69,1,69,69
317,69,1,69,69
318,69,1,69,69
319,69,1,69,69
320,70,1,70,70
321,70,1,70,70
322,70,1,70,70
323,70,1,70,70
324,70,1,70,70
325,70,1,70,70
326,72,1,72,72
327,72,1,72,72
328,72,1,72,72
329,72,1,72,72
330,73,1,73,73
331,73,1,73,73
332,73,1,73,73
333,73,1,73,73
334,73,1,73,73
335,74,1,74,74
336,74,1,74,74
337,74,1,74,74
338,74,1,74,74
339,74,1,74,74
340,74,1,74,74
341,75,1,75,75
342,75,1,75,75
343,75,1,75,75
344,75,1,75,75
345,75,1,75,75
346,75,1,75,75
347,76,1,76,76
348,76,1,76,76
349,76,1,76,76
350,76,1,76,76
351,77,1,77,77
352,77,1,77,77
353,77,1,77,77
354,77,1,77,77
355,77,1,77,77
356,78,1,78,78
357,78,1,78,78
358,78,1,78,78
359,78,1,78,78
360,78,1,78,78
361,78,1,78,78
362,80,1,80,80
363,80,1,80,80
364,80,1,80,80
365,80,1,80,80
366,81,1,81,81
367,80,1,80,80
368,81,1,81,81
369,81,1,81,81
370,81,1,81,81
371,81,1,81,81
372,82,1,82,82
373,82,1,82,82
374,82,1,82,82
375,82,1,82,82
376,82,1,82,82
377,83,1,83,83
378,83,1,83,83
379,83,1,83,83
380,83,1,83,83
381,83,1,83,83
382,83,1,83,83
383,84,1,84,84
384,84,1,84,84
385,84,1,84,84
386,84,1,84,84
387,85,1,85,85
388,85,1,85,85
389,85,1,85,85
390,85,1,85,85
391,85,1,85,85
392,85,1,85,85
393,86,1,86,86
394,86,1,86,86
395,86,1,86,86
396,86,1,86,86
397,88,1,88,88
398,86,1,86,86
399,88,1,88,88
400,88,1,88,88
401,88,1,88,88
402,88,1,88,88
403,89,1,89,89
404,89,1,89,89
405,89,1,89,89
406,89,1,89,89
407,89,1,89,89
408,90,1,90,90
409,90,1,90,90
410,90,1,90,90
411,90,1,90,90
412,91,1,91,91
413,90,1,90,90
414,91,1,91,91
415,91,1,91,91
416,91,1,91,91
417,91,1,91,91
418,92,1,92,92
419,92,1,92,92
420,92,1,92,92
421,92,1,92,92
422,92,1,92,92
423,92,1,92,92
424,93,1,93,93
425,93,1,93,93
426,93,1,93,93
427,93,1,93,93
428,93,1,93,93
429,94,1,94,94
430,94,1,94,94
431,94,1,94,94
432,94,1,94,94
433,96,1,96,96
434,96,1,96,96
435,96,1,96,96
436,96,1,96,96
437,96,1,96,96
438,96,1,96,96
439,97,1,97,97
440,97,1,97,97
441,97,1,97,97
442,97,1,97,97
443,97,1,97,97
444,97,1,97,97
445,98,1,98,98
446,98,1,98,98
447,98,1,98,98
448,98,1,98,98
449,98,1,98,98
450,99,1,99,99
451,99,1,99,99
452,99,1,99,99
453,99,1,99,99
454,100,1,100,100
455,100,1,100,100
456,100,1,100,100
457,100,1,100,100
458,100,1,100,100
459,100,1,100,100
460,101,1,101,101
461,101,1,101,101
462,101,1,101,101
463,101,1,101,101
464,101,1,101,101
465,102,1,102,102
466,102,1,102,102
467,102,1,102,102
468,102,1,102,102
469,102,1,102,102
470,102,1,102,102
471,104,1,104,104
472,104,1,104,104
473,104,1,104,104
474,104,1,104,104
475,104,1,104,104
476,105,1,105,105
477,105,1,105,105
478,105,1,105,105
479,105,1,105,105
480,106,1,106,106
481,106,1,106,106
482,106,1,106,106
483,106,1,106,106
484,106,1,106,106
485,107,1,107,107
486,107,1,107,107
487,107,1,107,107
488,107,1,107,107
489,107,1,107,107
490,107,1,107,107
491,108,1,108,108
492,108,1,108,108
493,108,1,108,108
494,108,1,108,108
495,108,1,108,108
496,109,1,109,109
497,109,1,109,109
498,109,1,109,109
499,109,1,109,109
500,109,1,109,109
501,109,1,109,109
502,110,1,110,110
503,110,1,110,110
504,110,1,110,110
505,110,1,110,110
506,112,1,112,112
507,112,1,112,112
508,112,1,112,112
509,112,1,112,112
510,112,1,112,112
511,113,1,113,113
512,113,1,113,113
513,113,1,113,113
514,113,1,113,113
515,113,1,113,113
516,113,1,113,113
517,114,1,114,114
518,114,1,114,114
519,114,1,114,114
520,114,1,114,114
521,114,1,114,114
522,114,1,114,114
523,115,1,115,115
524,115,1,115,115
525,115,1,115,115
526,115,1,115,115
527,116,1,116,116
528,116,1,116,116
529,116,1,116,116
530,116,1,116,116
531,116,1,116,116
532,117,1,117,117
533,117,1,117,117
534,117,1,117,117
535,117,1,117,117
536,117,1,117,117
537,117,1,117,117
538,118,1,118,118
539,118,1,118,118
540,118,1,118,118
541,118,1,118,118
542,120,1,120,120
543,118,1,118,118
544,120,1,120,120
545,120,1,120,120
546,120,1,120,120
547,120,1,120,120
548,121,1,121,121
549,121,1,121,121
550,121,1,121,121
551,121,1,121,121
552,121,1,121,121
553,122,1,122,122
554,122,1,122,122
555,122,1,122,122
556,122,1,122,122
557,123,1,123,123
558,122,1,122,122
559,123,1,123,123
560,123,1,123,123
561,123,1,123,123
562,123,1,123,123
563,124,1,124,124
564,124,1,124,124
565,124,1,124,124
566,124,1,124,124
567,124,1,124,124
568,124,1,124,124
569,125,1,125,125
570,125,1,125,125
571,125,1,125,125
572,125,1,125,125
573,125,1,125,125
574,126,1,126,126
575,126,1,126,126
576,126,1,126,126
577,126,1,126,126
578,126,1,126,126
579,128,1,128,128
580,128,1,128,128
581,128,1,128,128
582,128,1,128,128
583,128,1,128,128
584,129,1,129,129
585,129,1,129,129
586,129,1,129,129
587,129,1,129,129
588,129,1,129,129
589,129,1,129,129
590,130,1,130,130
591,130,1,130,130
592,130,1,130,130
593,130,1,130,130
594,131,1,131,131
595,131,1,131,131
596,131,1,131,131
597,131,1,131,131
598,131,1,131,131
599,131,1,131,131
600,132,1,132,132
601,132,1,132,132
602,132,1,132,132
603,132,1,132,132
604,132,1,132,132
605,133,1,133,133
606,133,1,133,133
607,133,1,133,133
608,133,1,133,133
609,134,1,134,134
610,134,1,134,134
611,134,1,134,134
612,134,1,134,134
613,134,1,134,134
614,134,1,134,134
615,136,1,136,136
616,136,1,136,136
617,136,1,136,136
618,136,1,136,136
619,136,1,136,136
620,136,1,136,136
621,137,1,137,137
622,137,1,137,137
623,137,1,137,137
624,137,1,137,137
625,137,1,137,137
626,138,1,138,138
627,138,1,138,138
628,138,1,138,138
629,138,1,138,138
630,139,1,139,139
631,139,1,139,139
632,139,1,139,139
633,139,1,139,139
634,139,1,139,139
635,139,1,139,139
636,140,1,140,140
637,140,1,140,140
638,140,1,140,140
639,140,1,140,140
640,140,1,140,140
641,141,1,141,141
642,141,1,141,141
643,141,1,141,141
644,141,1,141,141
645,141,1,141,141
646,141,1,141,141
647,142,1,142,142
648,142,1,142,142
649,142,1,142,142
650,142,1,142,142
651,144,1,144,144
652,144,1,144,144
653,144,1,144,144
654,144,1,144,144
655,144,1,144,144
656,145,1,145,145
657,145,1,145,145
658,145,1,145,145
659,145,1,145,145
660,145,1,145,145
661,145,1,145,145
662,146,1,146,146
663,146,1,146,146
664,146,1,146,146
665,146,1,146,146
666,146,1,146,146
667,146,1,146,146
668,147,1,147,147
669,147,1,147,147
670,147,1,147,147
671,147,1,147,147
672,147,1,147,147
673,148,1,148,148
674,148,1,148,148
675,148,1,148,148
676,148,1,148,148
677,149,1,149,149
678,149,1,149,149
679,149,1,149,149
680,149,1,149,149
681,149,1,149,149
682,150,1,150,150
683,150,1,150,150
684,150,1,150,150
685,150,1,150,150
686,150,1,150,150
687,152,1,152,152
688,152,1,152,152
689,152,1,152,152
690,152,1,152,152
691,152,1,152,152
692,152,1,152,152
693,153,1,153,153
694,153,1,153,153
695,153,1,153,153
696,153,1,153,153
697,153,1,153,153
698,153,1,153,153
699,154,1,154,154
700,154,1,154,154
701,154,1,154,154
702,154,1,154,154
703,155,1,155,155
704,155,1,155,155
705,155,1,155,155
706,155,1,155,155
707,155,1,155,155
708,156,1,156,156
709,156,1,156,156
710,156,1,156,156
711,156,1,156,156
712,156,1,156,156
713,156,1,156,156
714,157,1,157,157
715,157,1,157,157
716,157,1,157,157
717,157,1,157,157
718,157,1,157,157
719,157,1,157,157
720,158,1,158,158
721,158,1,158,158
722,158,1,158,158
723,158,1,158,158
724,160,1,160,160
725,160,1,160,160
726,160,1,160,160
727,160,1,160,160
728,160,1,160,160
729,161,1,161,161
730,161,1,161,161
731,161,1,161,161
732,161,1,161,161
733,162,1,162,162
734,161,1,161,161
735,162,1,162,162
736,162,1,162,162
737,162,1,162,162
738,162,1,162,162
739,163,1,163,163
740,163,1,163,163
741,163,1,163,163
742,163,1,163,163
743,163,1,163,163
744,163,1,163,163
745,164,1,164,164
746,164,1,164,164
747,164,1,164,164
748,164,1,164,164
749,164,1,164,164
750,165,1,165,165
751,165,1,165,165
752,165,1,165,165
753,165,1,165,165
754,166,1,166,166
755,166,1,166,166
756,166,1,166,166
757,166,1,166,166
758,166,1,166,166
759,166,1,166,166
760,168,1,168,168
761,168,1,168,168
762,168,1,168,168
763,168,1,168,168
764,168,1,168,168
765,168,1,168,168
766,169,1,169,169
767,169,1,169,169
768,169,1,169,169
769,169,1,169,169
770,170,1,170,170
771,170,1,170,170
772,170,1,170,170
773,170,1,170,170
774,170,1,170,170
775,170,1,170,170
776,171,1,171,171
777,171,1,171,171
778,171,1,171,171
779,171,1,171,171
780,171,1,171,171
781,172,1,172,172
782,172,1,172,172
783,172,1,172,172
784,172,1,172,172
785,173,1,173,173
786,173,1,173,173
787,173,1,173,173
788,173,1,173,173
789,173,1,173,173
790,173,1,173,173
791,174,1,174,174
792,174,1,174,174
793,174,1,174,174
794,174,1,174,174
795,174,1,174,174
796,174,1,174,174
797,176,1,176,176
798,176,1,176,176
799,176,1,176,176
800,176,1,176,176
801,177,1,177,177
802,177,1,177,177
803,177,1,177,177
804,177,1,177,177
805,177,1,177,177
806,178,1,178,178
807,178,1,178,178
808,178,1,178,178
809,178,1,178,178
810,178,1,178,178
811,178,1,178,178
812,179,1,179,179
813,179,1,179,179
814,179,1,179,179
815,179,1,179,179
816,179,1,179,179
817,180,1,180,180
818,180,1,180,180
819,180,1,180,180
820,180,1,180,180
821,180,1,180,180
822,180,1,180,180
823,181,1,181,181
824,181,1,181,181
825,181,1,181,181
826,181,1,181,181
827,182,1,182,182
828,182,1,182,182
829,182,1,182,182
830,182,1,182,182
831,182,1,182,182
832,184,1,184,184
833,184,1,184,184
834,184,1,184,184
835,184,1,184,184
836,184,1,184,184
837,184,1,184,184
838,185,1,185,185
839,185,1,185,185
840,185,1,185,185
841,185,1,185,185
842,185,1,185,185
843,185,1,185,185
844,186,1,186,186
845,186,1,186,186
846,186,1,186,186
847,186,1,186,186
848,187,1,187,187
849,187,1,187,187
850,187,1,187,187
851,187,1,187,187
852,187,1,187,187
853,188,1,188,188
854,188,1,188,188
855,188,1,188,188
856,188,1,188,188
857,188,1,188,188
858,188,1,188,188
859,189,1,189,189
860,189,1,189,189
861,189,1,189,189
862,189,1,189,189
863,189,1,189,189
864,190,1,190,190
865,190,1,190,190
866,190,1,190,190
867,190,1,190,190
868,190,1,190,190
869,192,1,192,192
870,192,1,192,192
871,192,1,192,192
872,192,1,192,192
873,192,1,192,192
874,193,1,193,193
875,193,1,193,193
876,193,1,193,193
877,193,1,193,193
878,194,1,194,194
879,194,1,194,194
880,194,1,194,194
881,194,1,194,194
882,194,1,194,194
883,194,1,194,194
884,195,1,195,195
885,195,1,195,195
886,195,1,195,195
887,195,1,195,195
888,195,1,195,195
889,195,1,195,195
890,196,1,196,196
891,196,1,196,196
892,196,1,196,196
893,196,1,196,196
894,196,1,196,196
895,196,1,196,196
896,197,1,197,197
897,197,1,197,197
898,197,1,197,197
899,197,1,197,197
900,198,1,198,198
901,198,1,198,198
902,198,1,198,198
903,198,1,198,198
904,198,1,198,198
905,200,1,200,200
906,200,1,200,200
907,200,1,200,200
908,200,1,200,200
909,200,1,200,200
910,200,1,200,200
911,201,1,201,201
912,201,1,201,201
913,201,1,201,201
914,201,1,201,201
915,202,1,202,202
916,202,1,202,202
917,202,1,202,202
918,202,1,202,202
919,202,1,202,202
920,202,1,202,202
921,203,1,203,203
922,203,1,203,203
923,203,1,203,203
924,203,1,203,203
925,203,1,203,203
926,204,1,204,204
927,204,1,204,204
928,204,1,204,204
929,204,1,204,204
930,205,1,205,205
931,205,1,205,205
932,205,1,205,205
933,205,1,205,205
934,205,1,205,205
935,205,1,205,205
936,206,1,206,206
937,206,1,206,206
938,206,1,206,206
939,206,1,206,206
940,206,1,206,206
941,206,1,206,206
942,208,1,208,208
943,208,1,208,208
944,208,1,208,208
945,208,1,208,208
946,208,1,208,208
947,209,1,209,209
948,209,1,209,209
949,209,1,209,209
950,209,1,209,209
951,210,1,210,210
952,210,1,210,210
953,210,1,210,210
954,210,1,210,210
955,210,1,210,210
956,210,1,210,210
957,211,1,211,211
958,211,1,211,211
959,211,1,211,211
960,211,1,211,211
961,212,1,212,212
962,212,1,212,212
963,212,1,212,212
964,212,1,212,212
965,212,1,212,212
966,212,1,212,212
967,213,1,213,213
968,213,1,213,213
969,213,1,213,213
970,213,1,213,213
971,213,1,213,213
972,213,1,213,213
973,214,1,214,214
974,214,1,214,214
975,214,1,214,214
976,214,1,214,214
977,216,1,216,216
978,216,1,216,216
979,216,1,216,216
980,216,1,216,216
981,216,1,216,216
982,217,1,217,217
983,217,1,217,217
984,217,1,217,217
985,217,1,217,217
986,217,1,217,217
987,217,1,217,217
988,218,1,218,218
989,218,1,218,218
990,218,1,218,218
991,218,1,218,218
992,218,1,218,218
993,218,1,218,218
994,219,1,219,219
995,219,1,219,219
996,219,1,219,219
997,219,1,219,219
998,220,1,220,220
999,220,1,220,220
1000,220,1,220,220
1001,220,1,220,220
1002,220,1,220,220
1003,221,1,221,221
1004,221,1,221,221
1005,221,1,221,221
1006,221,1,221,221
1007,221,1,221,221
1008,221,1,221,221
1009,222,1,222,222
1010,222,1,222,222
1011,222,1,222,222
1012,222,1,222,222
1013,222,1,222,222
1014,224,1,224,224
1015,224,1,224,224
1016,224,1,224,224
1017,224,1,224,224
1018,224,1,224,224
1019,224,1,224,224
1020,225,1,225,225
1021,225,1,225,225
1022,225,1,225,225
1023,225,1,225,225
1024,226,1,226,226
1025,226,1,226,226
1026,226,1,226,226
1027,226,1,226,226
1028,226,1,226,226
1029,227,1,227,227
1030,227,1,227,227
1031,227,1,227,227
1032,227,1,227,227
1033,227,1,227,227
1034,227,1,227,227
1035,228,1,228,228
1036,228,1,228,228
1037,228,1,228,228
1038,228,1,228,228
1039,228,1,228,228
1040,228,1,228,228
1041,229,1,229,229
1042,229,1,229,229
1043,229,1,229,229
1044,229,1,229,229
1045,230,1,230,230
1046,230,1,230,230
1047,230,1,230,230
1048,230,1,230,230
1049,230,1,230,230
1050,232,1,232,232
1051,232,1,232,232
1052,232,1,232,232
1053,232,1,232,232
1054,232,1,232,232
1055,233,1,233,233
1056,233,1,233,233
1057,233,1,233,233
1058,233,1,233,233
1059,233,1,233,233
1060,234,1,234,234
1061,234,1,234,234
1062,234,1,234,234
1063,234,1,234,234
1064,234,1,234,234
1065,234,1,234,234
1066,235,1,235,235
1067,235,1,235,235
1068,235,1,235,235
1069,235,1,235,235
1070,235,1,235,235
1071,236,1,236,236
1072,236,1,236,236
1073,236,1,236,236
1074,236,1,236,236
1075,237,1,237,237
1076,237,1,237,237
1077,237,1,237,237
1078,237,1,237,237
1079,237,1,237,237
1080,237,1,237,237
1081,238,1,238,238
1082,238,1,238,238
1083,238,1,238,238
1084,238,1,238,238
1085,238,1,238,238
1086,238,1,238,238
1087,240,1,240,240
1088,240,1,240,240
1089,240,1,240,240
1090,240,1,240,240
1091,241,1,241,241
1092,240,1,240,240
1093,241,1,241,241
1094,241,1,241,241
1095,241,1,241,241
1096,241,1,241,241
1097,242,1,242,242
1098,242,1,242,242
1099,242,1,242,242
1100,242,1,242,242
1101,242,1,242,242
1102,243,1,243,243
1103,243,1,243,243
1104,243,1,243,243
1105,243,1,243,243
1106,244,1,244,244
1107,244,1,244,244
1108,244,1,244,244
1109,244,1,244,244
1110,244,1,244,244
1111,244,1,244,244
1112,245,1,245,245
1113,245,1,245,245
1114,245,1,245,245
1115,245,1,245,245
1116,245,1,245,245
1117,245,1,245,245
1118,246,1,246,246
1119,246,1,246,246
1120,246,1,246,246
1121,246,1,246,246
1122,246,1,246,246
1123,248,1,248,248
1124,248,1,248,248
1125,248,1,248,248
1126,248,1,248,248
1127,249,1,249,249
1128,249,1,249,249
1129,249,1,249,249
1130,249,1,249,249
1131,249,1,249,249
1132,249,1,249,249
1133,250,1,250,250
1134,250,1,250,250
1135,250,1,250,250
1136,250,1,250,250
1137,250,1,250,250
1138,250,1,250,250
1139,251,1,251,251
1140,251,1,251,251
1141,251,1,251,251
1142,251,1,251,251
1143,251,1,251,251
1144,252,1,252,252
1145,252,1,252,252
1146,252,1,252,252
1147,252,1,252,252
1148,253,1,253,253
1149,253,1,253,253
1150,253,1,253,253
1151,253,1,253,253
1152,253,1,253,253
1153,254,1,254,254
1154,254,1,254,254
1155,254,1,254,254
1156,254,1,254,254
1157,254,1,254,254
1158,256,1,256,256
1159,256,1,256,256
1160,256,1,256,256
1161,256,1,256,256
1162,256,1,256,256
1163,256,1,256,256
1164,257,1,257,257
1165,257,1,257,257
1166,257,1,257,257
1167,257,1,257,257
1168,257,1,257,257
1169,257,1,257,257
1170,258,1,258,258
1171,258,1,258,258
1172,258,1,258,258
1173,258,1,258,258
1174,259,1,259,259
1175,259,1,259,259
1176,259,1,259,259
1177,259,1,259,259
1178,259,1,259,259
1179,260,1,260,260
1180,260,1,260,260
1181,260,1,260,260
1182,260,1,260,260
1183,260,1,260,260
1184,260,1,260,260
1185,261,1,261,261
1186,261,1,261,261
1187,261,1,261,261
1188,261,1,261,261
1189,261,1,261,261
1190,262,1,262,262
1191,262,1,262,262
1192,262,1,262,262
1193,262,1,262,262
1194,262,1,262,262
1195,264,1,264,264
1196,264,1,264,264
1197,264,1,264,264
1198,264,1,264,264
1199,264,1,264,264
1200,265,1,265,265
1201,265,1,265,265
1202,265,1,265,265
1203,265,1,265,265
1204,265,1,265,265
1205,266,1,266,266
1206,266,1,266,266
1207,266,1,266,266
1208,266,1,266,266
1209,266,1,266,266
1210,266,1,266,266
1211,267,1,267,267
1212,267,1,267,267
1213,267,1,267,267
1214,267,1,267,267
1215,267,1,267,267
1216,267,1,267,267
1217,268,1,268,268
1218,268,1,268,268
1219,268,1,268,268
1220,268,1,268,268
1221,269,1,269,269
1222,269,1,269,269
1223,269,1,269,269
1224,269,1,269,269
1225,269,1,269,269
1226,270,1,270,270
1227,270,1,270,270
1228,270,1,270,270
1229,270,1,270,270
1230,270,1,270,270
1231,270,1,270,270
1232,272,1,272,272
1233,272,1,272,272
1234,272,1,272,272
1235,272,1,272,272
1236,273,1,273,273
1237,272,1,272,272
1238,273,1,273,273
1239,273,1,273,273
1240,273,1,273,273
1241,273,1,273,273
1242,274,1,274,274
1243,274,1,274,274
1244,274,1,274,274
1245,274,1,274,274
1246,274,1,274,274
1247,275,1,275,275
1248,275,1,275,275
1249,275,1,275,275
1250,275,1,275,275
1251,276,1,276,276
1252,276,1,276,276
1253,276,1,276,276
1254,276,1,276,276
1255,276,1,276,276
1256,276,1,276,276
1257,277,1,277,277
1258,277,1,277,277
1259,277,1,277,277
1260,277,1,277,277
1261,277,1,277,277
1262,277,1,277,277
1263,278,1,278,278
1264,278,1,278,278
1265,278,1,278,278
1266,278,1,278,278
1267,280,1,280,280
1268,280,1,280,280
1269,280,1,280,280
1270,280,1,280,280
1271,280,1,280,280
1272,281,1,281,281
1273,281,1,281,281
1274,281,1,281,281
1275,281,1,281,281
1276,281,1,281,281
1277,281,1,281,281
1278,282,1,282,282
1279,282,1,282,282
1280,282,1,282,282
1281,282,1,282,282
1282,283,1,283,283
1283,282,1,282,282
1284,283,1,283,283
1285,283,1,283,283
1286,283,1,283,283
1287,283,1,283,283
1288,284,1,284,284
1289,284,1,284,284
1290,284,1,284,284
1291,284,1,284,284
1292,284,1,284,284
1293,284,1,284,284
1294,285,1,285,285
1295,285,1,285,285
1296,285,1,285,285
1297,285,1,285,285
1298,286,1,286,286
1299,286,1,286,286
1300,286,1,286,286
1301,286,1,286,286
1302,286,1,286,286
1303,288,1,288,288
1304,288,1,288,288
1305,288,1,288,288
1306,288,1,288,288
1307,288,1,288,288
1308,288,1,288,288
1309,289,1,289,289
1310,289,1,289,289
1311,289,1,289,289
1312,289,1,289,289
1313,289,1,289,289
1314,289,1,289,289
1315,290,1,290,290
1316,290,1,290,290
1317,290,1,290,290
1318,290,1,290,290
1319,290,1,290,290
1320,291,1,291,291
1321,291,1,291,291
1322,291,1,291,291
1323,291,1,291,291
1324,292,1,292,292
1325,292,1,292,292
1326,292,1,292,292
1327,292,1,292,292
1328,292,1,292,292
1329,292,1,292,292
1330,293,1,293,293
1331,293,1,293,293
1332,293,1,293,293
1333,293,1,293,293
1334,293,1,293,293
1335,294,1,294,294
1336,294,1,294,294
1337,294,1,294,294
1338,294,1,294,294
1339,294,1,294,294
1340,296,1,296,296
1341,296,1,296,296
1342,296,1,296,296
1343,296,1,296,296
1344,296,1,296,296
1345,297,1,297,297
1346,297,1,297,297
1347,297,1,297,297
1348,297,1,297,297
1349,297,1,297,297
1350,298,1,298,298
1351,298,1,298,298
1352,298,1,298,298
1353,298,1,298,298
1354,298,1,298,298
1355,299,1,299,299
1356,299,1,299,299
1357,299,1,299,299
1358,299,1,299,299
1359,299,1,299,299
1360,299,1,299,299
1361,300,1,300,300
1362,300,1,300,300
1363,300,1,300,300
1364,300,1,300,300
1365,300,1,300,300
1366,301,1,301,301
1367,301,1,301,301
1368,301,1,301,301
1369,301,1,301,301
1370,301,1,301,301
1371,302,1,302,302
1372,302,1,302,302
1373,302,1,302,302
1374,302,1,302,302
1375,302,1,302,302
1376,304,1,304,304
1377,304,1,304,304
1378,304,1,304,304
1379,304,1,304,304
1380,304,1,304,304
1381,305,1,305,305
1382,305,1,305,305
1383,305,1,305,305
1384,305,1,305,305
1385,305,1,305,305
1386,305,1,305,305
1387,306,1,306,306
1388,306,1,306,306
1389,306,1,306,306
1390,306,1,306,306
1391,306,1,306,306
1392,307,1,307,307
1393,307,1,307,307
1394,307,1,307,307
1395,307,1,307,307
1396,307,1,307,307
1397,308,1,308,308
1398,308,1,308,308
1399,308,1,308,308
1400,308,1,308,308
1401,308,1,308,308
1402,309,1,309,309
1403,309,1,309,309
1404,309,1,309,309
1405,309,1,309,309
1406,309,1,309,309
1407,309,1,309,309
1408,310,1,310,310
1409,310,1,310,310
1410,310,1,310,310
1411,310,1,310,310
1412,312,1,312,312
1413,310,1,310,310
1414,312,1,312,312
1415,312,1,312,312
1416,312,1,312,312
1417,312,1,312,312
1418,313,1,313,313
1419,313,1,313,313
1420,313,1,313,313
1421,313,1,313,313
1422,313,1,313,313
1423,314,1,314,314
1424,314,1,314,314
1425,314,1,314,314
1426,314,1,314,314
1427,315,1,315,315
1428,314,1,314,314
1429,315,1,315,315
1430,315,1,315,315
1431,315,1,315,315
1432,315,1,315,315
1433,316,1,316,316
1434,316,1,316,316
1435,316,1,316,316
1436,316,1,316,316
1437,316,1,316,316
1438,316,1,316,316
1439,317,1,317,317
1440,317,1,317,317
1441,317,1,317,317
1442,317,1,317,317
1443,318,1,318,318
1444,318,1,318,318
1445,318,1,318,318
1446,318,1,318,318
1447,318,1,318,318
1448,320,1,320,320
1449,320,1,320,320
1450,320,1,320,320
1451,320,1,320,320
1452,320,1,320,320
1453,320,1,320,320
1454,321,1,321,321
1455,321,1,321,321
1456,321,1,321,321
1457,321,1,321,321
1458,322,1,322,322
1459,321,1,321,321
1460,322,1,322,322
1461,322,1,322,322
1462,322,1,322,322
1463,322,1,322,322
1464,323,1,323,323
1465,323,1,323,323
1466,323,1,323,323
1467,323,1,323,323
1468,323,1,323,323
1469,324,1,324,324
1470,324,1,324,324
1471,324,1,324,324
1472,324,1,324,324
1473,324,1,324,324
1474,324,1,324,324
1475,325,1,325,325
1476,325,1,325,325
1477,325,1,325,325
1478,325,1,325,325
1479,326,1,326,326
1480,326,1,326,326
1481,326,1,326,326
1482,326,1,326,326
1483,326,1,326,326
1484,326,1,326,326
1485,328,1,328,328
1486,328,1,328,328
1487,328,1,328,328
1488,328,1,328,328
1489,328,1,328,328
1490,328,1,328,328
1491,329,1,329,329
1492,329,1,329,329
1493,329,1,329,329
1494,329,1,329,329
1495,330,1,330,330
1496,330,1,330,330
1497,330,1,330,330
1498,330,1,330,330
1499,330,1,330,330
1500,331,1,331,331
1501,331,1,331,331
1502,331,1,331,331
1503,331,1,331,331
1504,331,1,331,331
1505,331,1,331,331
1506,332,1,332,332
1507,332,1,332,332
1508,332,1,332,332
1509,332,1,332,332
1510,332,1,332,332
1511,333,1,333,333
1512,333,1,333,333
1513,333,1,333,333
1514,333,1,333,333
1515,333,1,333,333
1516,333,1,333,333
1517,334,1,334,334
1518,334,1,334,334
1519,334,1,334,334
1520,334,1,334,334
1521,336,1,336,336
1522,336,1,336,336
1523,336,1,336,336
1524,336,1,336,336
1525,336,1,336,336
1526,337,1,337,337
1527,337,1,337,337
1528,337,1,337,337
1529,337,1,337,337
1530,337,1,337,337
1531,338,1,338,338
1532,338,1,338,338
1533,338,1,338,338
1534,338,1,338,338
1535,338,1,338,338
1536,338,1,338,338
1537,339,1,339,339
1538,339,1,339,339
1539,339,1,339,339
1540,339,1,339,339
1541,339,1,339,339
1542,340,1,340,340
1543,340,1,340,340
1544,340,1,340,340
1545,340,1,340,340
1546,340,1,340,340
1547,341,1,341,341
1548,341,1,341,341
1549,341,1,341,341
1550,341,1,341,341
1551,341,1,341,341
1552,342,1,342,342
1553,342,1,342,342
1554,342,1,342,342
1555,342,1,342,342
1556,342,1,342,342
1557,344,1,344,344
1558,344,1,344,344
1559,344,1,344,344
1560,344,1,344,344
1561,344,1,344,344
1562,344,1,344,344
1563,345,1,345,345
1564,345,1,345,345
1565,345,1,345,345
1566,345,1,345,345
1567,345,1,345,345
1568,346,1,346,346
1569,346,1,346,346
1570,346,1,346,346
1571,346,1,346,346
1572,347,1,347,347
1573,347,1,347,347
1574,347,1,347,347
1575,347,1,347,347
1576,347,1,347,347
1577,347,1,347,347
1578,348,1,348,348
1579,348,1,348,348
1580,348,1,348,348
1581,348,1,348,348
1582,348,1,348,348
1583,348,1,348,348
1584,349,1,349,349
1585,349,1,349,349
1586,349,1,349,349
1587,349,1,349,349
1588,350,1,350,350
1589,350,1,350,350
1590,350,1,350,350
1591,350,1,350,350
1592,350,1,350,350
1593,350,1,350,350
1594,352,1,352,352
1595,352,1,352,352
1596,352,1,352,352
1597,352,1,352,352
1598,352,1,352,352
1599,353,1,353,353
1600,353,1,353,353
1601,353,1,353,353
1602,353,1,353,353
1603,354,1,354,354
1604,353,1,353,353
1605,354,1,354,354
1606,354,1,354,354
1607,354,1,354,354
1608,354,1,354,354
1609,355,1,355,355
1610,355,1,355,355
1611,355,1,355,355
1612,355,1,355,355
1613,355,1,355,355
1614,355,1,355,355
1615,356,1,356,356
1616,356,1,356,356
1617,356,1,356,356
1618,356,1,356,356
1619,356,1,356,356
1620,357,1,357,357
1621,357,1,357,357
1622,357,1,357,357
1623,357,1,357,357
1624,358,1,358,358
1625,358,1,358,358
1626,358,1,358,358
1627,358,1,358,358
1628,358,1,358,358
1629,358,1,358,358
1630,360,1,360,360
1631,360,1,360,360
1632,360,1,360,360
1633,360,1,360,360
1634,361,1,361,361
1635,360,1,360,360
1636,361,1,361,361
1637,361,1,361,361
1638,361,1,361,361
1639,361,1,361,361
1640,362,1,362,362
1641,362,1,362,362
1642,362,1,362,362
1643,362,1,362,362
1644,362,1,362,362
1645,363,1,363,363
1646,363,1,363,363
1647,363,1,363,363
1648,363,1,363,363
1649,364,1,364,364
1650,363,1,363,363
1651,364,1,364,364
1652,364,1,364,364
1653,364,1,364,364
1654,364,1,364,364
1655,365,1,365,365
1656,365,1,365,365
1657,365,1,365,365
1658,365,1,365,365
1659,365,1,365,365
1660,365,1,365,365
1661,366,1,366,366
1662,366,1,366,366
1663,366,1,366,366
1664,366,1,366,366
1665,366,1,366,366
1666,368,1,368,368
1667,368,1,368,368
1668,368,1,368,368
1669,368,1,368,368
1670,368,1,368,368
1671,369,1,369,369
1672,369,1,369,369
1673,369,1,369,369
1674,369,1,369,369
1675,369,1,369,369
1676,370,1,370,370
1677,370,1,370,370
1678,370,1,370,370
1679,370,1,370,370
1680,370,1,370,370
1681,370,1,370,370
1682,371,1,371,371
1683,371,1,371,371
1684,371,1,371,371
1685,371,1,371,371
1686,371,1,371,371
1687,372,1,372,372
1688,372,1,372,372
1689,372,1,372,372
1690,372,1,372,372
1691,372,1,372,372
1692,373,1,373,373
1693,373,1,373,373
1694,373,1,373,373
1695,373,1,373,373
1696,373,1,373,373
1697,374,1,374,374
1698,374,1,374,374
1699,374,1,374,374
1700,374,1,374,374
1701,374,1,374,374
1702,376,1,376,376
1703,376,1,376,376
1704,376,1,376,376
1705,376,1,376,376
1706,376,1,376,376
1707,376,1,376,376
1708,377,1,377,377
1709,377,1,377,377
1710,377,1,377,377
1711,377,1,377,377
1712,377,1,377,377
1713,377,1,377,377
1714,378,1,378,378
1715,378,1,378,378
1716,378,1,378,378
1717,378,1,378,378
1718,379,1,379,379
1719,379,1,379,379
1720,379,1,379,379
1721,379,1,379,379
1722,380,1,380,380
1723,380,1,380,380
1724,380,1,380,380
1725,380,1,380,380
1726,380,1,380,380
1727,380,1,380,380
1728,381,1,381,381
1729,381,1,381,381
1730,381,1,381,381
1731,381,1,381,381
1732,381,1,381,381
1733,382,1,382,382
1734,382,1,382,382
1735,382,1,382,382
1736,382,1,382,382
1737,382,1,382,382
1738,382,1,382,382
1739,384,1,384,384
1740,384,1,384,384
1741,384,1,384,384
1742,384,1,384,384
1743,384,1,384,384
1744,385,1,385,385
1745,385,1,385,385
1746,385,1,385,385
1747,385,1,385,385
1748,386,1,386,386
1749,386,1,386,386
1750,386,1,386,386
1751,386,1,386,386
1752,386,1,386,386
1753,386,1,386,386
1754,387,1,387,387
1755,387,1,387,387
1756,387,1,387,387
1757,387,1,387,387
1758,387,1,387,387
1759,387,1,387,387
1760,388,1,388,388
1761,388,1,388,388
1762,388,1,388,388
1763,388,1,388,388
1764,388,1,388,388
1765,389,1,389,389
1766,389,1,389,389
1767,389,1,389,389
1768,389,1,389,389
1769,390,1,390,390
1770,390,1,390,390
1771,390,1,390,390
1772,390,1,390,390
1773,390,1,390,390
1774,390,1,390,390
1775,392,1,392,392
1776,392,1,392,392
1777,392,1,392,392
1778,392,1,392,392
1779,393,1,393,393
1780,392,1,392,392
1781,393,1,393,393
1782,393,1,393,393
1783,393,1,393,393
1784,393,1,393,393
1785,394,1,394,394
1786,394,1,394,394
1787,394,1,394,394
1788,394,1,394,394
1789,394,1,394,394
1790,394,1,394,394
1791,395,1,395,395
1792,395,1,395,395
1793,395,1,395,395
1794,395,1,395,395
1795,395,1,395,395
1796,396,1,396,396
1797,396,1,396,396
1798,396,1,396,396
1799,396,1,396,396
1800,397,1,397,397
1801,397,1,397,397
1802,397,1,397,397
1803,397,1,397,397
1804,397,1,397,397
1805,397,1,397,397
1806,398,1,398,398
1807,398,1,398,398
1808,398,1,398,398
1809,398,1,398,398
1810,398,1,398,398
1811,398,1,398,398
1812,400,1,400,400
1813,400,1,400,400
1814,400,1,400,400
1815,400,1,400,400
1816,401,1,401,401
1817,401,1,401,401
1818,401,1,401,401
1819,401,1,401,401
1820,401,1,401,401
1821,402,1,402,402
1822,402,1,402,402
1823,402,1,402,402
1824,402,1,402,402
1825,402,1,402,402
1826,402,1,402,402
1827,403,1,403,403
1828,403,1,403,403
1829,403,1,403,403
1830,403,1,403,403
1831,404,1,404,404
1832,404,1,404,404
1833,404,1,404,404
1834,404,1,404,404
1835,404,1,404,404
1836,404,1,404,404
1837,405,1,405,405
1838,405,1,405,405
1839,405,1,405,405
1840,405,1,405,405
1841,405,1,405,405
1842,406,1,406,406
1843,406,1,406,406
1844,406,1,406,406
1845,406,1,406,406
1846,408,1,408,408
1847,408,1,408,408
1848,408,1,408,408
1849,408,1,408,408
1850,408,1,408,408
1851,408,1,408,408
1852,409,1,409,409
1853,409,1,409,409
1854,409,1,409,409
1855,409,1,409,409
1856,409,1,409,409
1857,409,1,409,409
1858,410,1,410,410
1859,410,1,410,410
1860,410,1,410,410
1861,410,1,410,410
1862,410,1,410,410
1863,411,1,411,411
1864,411,1,411,411
1865,411,1,411,411
1866,411,1,411,411
1867,411,1,411,411
1868,412,1,412,412
1869,412,1,412,412
1870,412,1,412,412
1871,412,1,412,412
1872,412,1,412,412
1873,413,1,413,413
1874,413,1,413,413
1875,413,1,413,413
1876,413,1,413,413
1877,413,1,413,413
1878,414,1,414,414
1879,414,1,414,414
1880,414,1,414,414
1881,414,1,414,414
1882,414,1,414,414
1883,414,1,414,414
1884,416,1,416,416
1885,416,1,416,416
1886,416,1,416,416
1887,416,1,416,416
1888,416,1,416,416
1889,417,1,417,417
1890,417,1,417,417
1891,417,1,417,417
1892,417,1,417,417
1893,418,1,418,418
1894,418,1,418,418
1895,418,1,418,418
1896,418,1,418,418
1897,418,1,418,418
1898,418,1,418,418
1899,419,1,419,419
1900,419,1,419,419
1901,419,1,419,419
1902,419,1,419,419
1903,419,1,419,419
1904,419,1,419,419
1905,420,1,420,420
1906,420,1,420,420
1907,420,1,420,420
1908,420,1,420,420
1909,420,1,420,420
1910,420,1,420,420
1911,421,1,421,421
1912,421,1,421,421
1913,421,1,421,421
1914,421,1,421,421
1915,422,1,422,422
1916,422,1,422,422
1917,422,1,422,422
1918,422,1,422,422
1919,424,1,424,424
1920,424,1,424,424
1921,424,1,424,424
1922,424,1,424,424
1923,424,1,424,424
1924,425,1,425,425
1925,425,1,425,425
1926,425,1,425,425
1927,425,1,425,425
1928,425,1,425,425
1929,425,1,425,425
1930,426,1,426,426
1931,426,1,426,426
1932,426,1,426,426
1933,426,1,426,426
1934,426,1,426,426
1935,426,1,426,426
1936,427,1,427,427
1937,427,1,427,427
1938,427,1,427,427
1939,427,1,427,427
1940,427,1,427,427
1941,428,1,428,428
1942,428,1,428,428
1943,428,1,428,428
1944,428,1,428,428
1945,429,1,429,429
1946,429,1,429,429
1947,429,1,429,429
1948,429,1,429,429
1949,429,1,429,429
1950,429,1,429,429
1951,430,1,430,430
1952,430,1,430,430
1953,430,1,430,430
1954,430,1,430,430
1955,430,1,430,430
1956,430,1,430,430
1957,432,1,432,432
1958,432,1,432,432
1959,432,1,432,432
1960,432,1,432,432
1961,433,1,433,433
1962,433,1,433,433
1963,433,1,433,433
1964,433,1,433,433
1965,433,1,433,433
1966,434,1,434,434
1967,434,1,434,434
1968,434,1,434,434
1969,434,1,434,434
1970,434,1,434,434
1971,434,1,434,434
1972,435,1,435,435
1973,435,1,435,435
1974,435,1,435,435
1975,435,1,435,435
1976,436,1,436,436
1977,436,1,436,436
1978,436,1,436,436
1979,436,1,436,436
1980,436,1,436,436
1981,436,1,436,436
1982,437,1,437,437
1983,437,1,437,437
1984,437,1,437,437
1985,437,1,437,437
1986,437,1,437,437
1987,437,1,437,437
1988,438,1,438,438
1989,438,1,438,438
1990,438,1,438,438
1991,438,1,438,438
1992,440,1,440,440
1993,440,1,440,440
1994,440,1,440,440
1995,440,1,440,440
1996,440,1,440,440
1997,441,1,441,441
1998,441,1,441,441
1999,441,1,441,441
2000,441,1,441,441
2001,441,1,441,441
2002,441,1,441,441
2003,442,1,442,442
2004,442,1,442,442
2005,442,1,442,442
2006,442,1,442,442
2007,443,1,443,443
2008,443,1,443,443
2009,443,1,443,443
2010,443,1,443,443
2011,443,1,443,443
2012,443,1,443,443
2013,444,1,444,444
2014,444,1,444,444
2015,444,1,444,444
2016,444,1,444,444
2017,444,1,444,444
2018,445,1,445,445
2019,445,1,445,445
2020,445,1,445,445
2021,445,1,445,445
2022,446,1,446,446
2023,446,1,446,446
2024,446,1,446,446
2025,446,1,446,446
2026,446,1,446,446
2027,446,1,446,446
2028,448,1,448,448
2029,448,1,448,448
2030,448,1,448,448
2031,448,1,448,448
2032,448,1,448,448
2033,448,1,448,448
2034,449,1,449,449
2035,449,1,449,449
2036,449,1,449,449
2037,449,1,449,449
2038,449,1,449,449
2039,450,1,450,450
2040,450,1,450,450
2041,450,1,450,450
2042,450,1,450,450
2043,451,1,451,451
2044,451,1,451,451
2045,451,1,451,451
2046,451,1,451,451
2047,451,1,451,451
